Species,Common name,Year,No. sites,Collated Index,Time period
Thymelicus sylvestris,Small Skipper,1976,31,1.98,1976-2011
Thymelicus sylvestris,Small Skipper,1977,38,1.89,1976-2011
Thymelicus sylvestris,Small Skipper,1978,32,1.88,1976-2011
Thymelicus sylvestris,Small Skipper,1979,51,2.08,1976-2011
Thymelicus sylvestris,Small Skipper,1980,61,2.05,1976-2011
Thymelicus sylvestris,Small Skipper,1981,68,2.21,1976-2011
Thymelicus sylvestris,Small Skipper,1982,72,2.36,1976-2011
Thymelicus sylvestris,Small Skipper,1983,83,2.29,1976-2011
Thymelicus sylvestris,Small Skipper,1984,90,2.43,1976-2011
Thymelicus sylvestris,Small Skipper,1985,95,2.15,1976-2011
Thymelicus sylvestris,Small Skipper,1986,97,2.18,1976-2011
Thymelicus sylvestris,Small Skipper,1987,110,1.97,1976-2011
Thymelicus sylvestris,Small Skipper,1988,131,1.93,1976-2011
Thymelicus sylvestris,Small Skipper,1989,169,2.1,1976-2011
Thymelicus sylvestris,Small Skipper,1990,183,2.04,1976-2011
Thymelicus sylvestris,Small Skipper,1991,202,2.29,1976-2011
Thymelicus sylvestris,Small Skipper,1992,222,2.25,1976-2011
Thymelicus sylvestris,Small Skipper,1993,248,2.12,1976-2011
Thymelicus sylvestris,Small Skipper,1994,272,2.29,1976-2011
Thymelicus sylvestris,Small Skipper,1995,314,2.23,1976-2011
Thymelicus sylvestris,Small Skipper,1996,350,2.26,1976-2011
Thymelicus sylvestris,Small Skipper,1997,359,2.1,1976-2011
Thymelicus sylvestris,Small Skipper,1998,355,1.86,1976-2011
Thymelicus sylvestris,Small Skipper,1999,374,1.99,1976-2011
Thymelicus sylvestris,Small Skipper,2000,387,1.99,1976-2011
Thymelicus sylvestris,Small Skipper,2001,352,1.98,1976-2011
Thymelicus sylvestris,Small Skipper,2002,392,1.9,1976-2011
Thymelicus sylvestris,Small Skipper,2003,441,1.98,1976-2011
Thymelicus sylvestris,Small Skipper,2004,390,1.78,1976-2011
Thymelicus sylvestris,Small Skipper,2005,305,1.88,1976-2011
Thymelicus sylvestris,Small Skipper,2006,380,1.72,1976-2011
Thymelicus sylvestris,Small Skipper,2007,360,1.54,1976-2011
Thymelicus sylvestris,Small Skipper,2008,408,1.55,1976-2011
Thymelicus sylvestris,Small Skipper,2009,441,1.65,1976-2011
Thymelicus sylvestris,Small Skipper,2010,497,1.57,1976-2011
Thymelicus sylvestris,Small Skipper,2011,517,1.56,1976-2011
Thymelicus acteon,Lulworth Skipper,1992,4,2.54,1976-2011
Thymelicus acteon,Lulworth Skipper,1993,4,2.22,1976-2011
Thymelicus acteon,Lulworth Skipper,1994,5,2.28,1976-2011
Thymelicus acteon,Lulworth Skipper,1995,5,2.11,1976-2011
Thymelicus acteon,Lulworth Skipper,1996,5,1.84,1976-2011
Thymelicus acteon,Lulworth Skipper,1997,5,1.86,1976-2011
Thymelicus acteon,Lulworth Skipper,1998,5,2.17,1976-2011
Thymelicus acteon,Lulworth Skipper,1999,5,2.43,1976-2011
Thymelicus acteon,Lulworth Skipper,2000,6,2.39,1976-2011
Thymelicus acteon,Lulworth Skipper,2001,6,2.09,1976-2011
Thymelicus acteon,Lulworth Skipper,2002,6,2.25,1976-2011
Thymelicus acteon,Lulworth Skipper,2003,6,2.24,1976-2011
Thymelicus acteon,Lulworth Skipper,2004,5,2.14,1976-2011
Thymelicus acteon,Lulworth Skipper,2005,3,2,1976-2011
Thymelicus acteon,Lulworth Skipper,2006,7,1.96,1976-2011
Thymelicus acteon,Lulworth Skipper,2007,6,1.67,1976-2011
Thymelicus acteon,Lulworth Skipper,2008,11,1.55,1976-2011
Thymelicus acteon,Lulworth Skipper,2009,11,1.43,1976-2011
Thymelicus acteon,Lulworth Skipper,2010,14,1.28,1976-2011
Thymelicus acteon,Lulworth Skipper,2011,12,1.55,1976-2011
Hesperia comma,Silver-spotted Skipper,1979,5,1.25,1976-2011
Hesperia comma,Silver-spotted Skipper,1980,7,1.82,1976-2011
Hesperia comma,Silver-spotted Skipper,1981,7,1.49,1976-2011
Hesperia comma,Silver-spotted Skipper,1982,8,1.1,1976-2011
Hesperia comma,Silver-spotted Skipper,1983,9,1.48,1976-2011
Hesperia comma,Silver-spotted Skipper,1984,10,2.08,1976-2011
Hesperia comma,Silver-spotted Skipper,1985,9,1.63,1976-2011
Hesperia comma,Silver-spotted Skipper,1986,9,1.5,1976-2011
Hesperia comma,Silver-spotted Skipper,1987,13,1.65,1976-2011
Hesperia comma,Silver-spotted Skipper,1988,13,1.46,1976-2011
Hesperia comma,Silver-spotted Skipper,1989,18,1.8,1976-2011
Hesperia comma,Silver-spotted Skipper,1990,24,1.95,1976-2011
Hesperia comma,Silver-spotted Skipper,1991,23,2.07,1976-2011
Hesperia comma,Silver-spotted Skipper,1992,25,1.94,1976-2011
Hesperia comma,Silver-spotted Skipper,1993,26,1.91,1976-2011
Hesperia comma,Silver-spotted Skipper,1994,29,1.83,1976-2011
Hesperia comma,Silver-spotted Skipper,1995,35,2.16,1976-2011
Hesperia comma,Silver-spotted Skipper,1996,34,2.15,1976-2011
Hesperia comma,Silver-spotted Skipper,1997,32,2.45,1976-2011
Hesperia comma,Silver-spotted Skipper,1998,36,2.41,1976-2011
Hesperia comma,Silver-spotted Skipper,1999,41,2.48,1976-2011
Hesperia comma,Silver-spotted Skipper,2000,40,2.3,1976-2011
Hesperia comma,Silver-spotted Skipper,2001,31,2.25,1976-2011
Hesperia comma,Silver-spotted Skipper,2002,34,2.15,1976-2011
Hesperia comma,Silver-spotted Skipper,2003,36,2.44,1976-2011
Hesperia comma,Silver-spotted Skipper,2004,36,2.38,1976-2011
Hesperia comma,Silver-spotted Skipper,2005,31,2.4,1976-2011
Hesperia comma,Silver-spotted Skipper,2006,35,2.43,1976-2011
Hesperia comma,Silver-spotted Skipper,2007,27,2.22,1976-2011
Hesperia comma,Silver-spotted Skipper,2008,35,2.01,1976-2011
Hesperia comma,Silver-spotted Skipper,2009,37,2.1,1976-2011
Hesperia comma,Silver-spotted Skipper,2010,25,2.39,1976-2011
Hesperia comma,Silver-spotted Skipper,2011,32,2.33,1976-2011
Ochlodes sylvanus,Large Skipper,1976,35,1.85,1976-2011
Ochlodes sylvanus,Large Skipper,1977,45,1.81,1976-2011
Ochlodes sylvanus,Large Skipper,1978,47,1.99,1976-2011
Ochlodes sylvanus,Large Skipper,1979,68,1.93,1976-2011
Ochlodes sylvanus,Large Skipper,1980,67,1.97,1976-2011
Ochlodes sylvanus,Large Skipper,1981,75,1.76,1976-2011
Ochlodes sylvanus,Large Skipper,1982,79,2.06,1976-2011
Ochlodes sylvanus,Large Skipper,1983,91,2.07,1976-2011
Ochlodes sylvanus,Large Skipper,1984,99,2.29,1976-2011
Ochlodes sylvanus,Large Skipper,1985,102,2.07,1976-2011
Ochlodes sylvanus,Large Skipper,1986,113,2.13,1976-2011
Ochlodes sylvanus,Large Skipper,1987,126,2.14,1976-2011
Ochlodes sylvanus,Large Skipper,1988,146,2.13,1976-2011
Ochlodes sylvanus,Large Skipper,1989,183,2.05,1976-2011
Ochlodes sylvanus,Large Skipper,1990,207,1.95,1976-2011
Ochlodes sylvanus,Large Skipper,1991,228,1.85,1976-2011
Ochlodes sylvanus,Large Skipper,1992,255,2.17,1976-2011
Ochlodes sylvanus,Large Skipper,1993,288,2.14,1976-2011
Ochlodes sylvanus,Large Skipper,1994,316,2.2,1976-2011
Ochlodes sylvanus,Large Skipper,1995,365,2.21,1976-2011
Ochlodes sylvanus,Large Skipper,1996,408,2.16,1976-2011
Ochlodes sylvanus,Large Skipper,1997,411,2.08,1976-2011
Ochlodes sylvanus,Large Skipper,1998,419,1.91,1976-2011
Ochlodes sylvanus,Large Skipper,1999,439,1.92,1976-2011
Ochlodes sylvanus,Large Skipper,2000,459,1.96,1976-2011
Ochlodes sylvanus,Large Skipper,2001,433,1.93,1976-2011
Ochlodes sylvanus,Large Skipper,2002,482,1.97,1976-2011
Ochlodes sylvanus,Large Skipper,2003,545,1.99,1976-2011
Ochlodes sylvanus,Large Skipper,2004,481,1.95,1976-2011
Ochlodes sylvanus,Large Skipper,2005,459,1.88,1976-2011
Ochlodes sylvanus,Large Skipper,2006,507,1.92,1976-2011
Ochlodes sylvanus,Large Skipper,2007,444,1.85,1976-2011
Ochlodes sylvanus,Large Skipper,2008,482,1.71,1976-2011
Ochlodes sylvanus,Large Skipper,2009,541,1.93,1976-2011
Ochlodes sylvanus,Large Skipper,2010,584,2.04,1976-2011
Ochlodes sylvanus,Large Skipper,2011,576,2.03,1976-2011
Erynnis tages,Dingy Skipper,1976,13,2.19,1976-2011
Erynnis tages,Dingy Skipper,1977,15,1.78,1976-2011
Erynnis tages,Dingy Skipper,1978,20,1.95,1976-2011
Erynnis tages,Dingy Skipper,1979,29,2.14,1976-2011
Erynnis tages,Dingy Skipper,1980,33,2.12,1976-2011
Erynnis tages,Dingy Skipper,1981,32,1.94,1976-2011
Erynnis tages,Dingy Skipper,1982,39,2.1,1976-2011
Erynnis tages,Dingy Skipper,1983,41,2.11,1976-2011
Erynnis tages,Dingy Skipper,1984,48,2.14,1976-2011
Erynnis tages,Dingy Skipper,1985,48,2.14,1976-2011
Erynnis tages,Dingy Skipper,1986,56,2,1976-2011
Erynnis tages,Dingy Skipper,1987,66,2.12,1976-2011
Erynnis tages,Dingy Skipper,1988,85,2.18,1976-2011
Erynnis tages,Dingy Skipper,1989,106,1.99,1976-2011
Erynnis tages,Dingy Skipper,1990,126,2.16,1976-2011
Erynnis tages,Dingy Skipper,1991,122,1.97,1976-2011
Erynnis tages,Dingy Skipper,1992,151,1.99,1976-2011
Erynnis tages,Dingy Skipper,1993,156,1.99,1976-2011
Erynnis tages,Dingy Skipper,1994,163,1.9,1976-2011
Erynnis tages,Dingy Skipper,1995,181,2.03,1976-2011
Erynnis tages,Dingy Skipper,1996,205,1.86,1976-2011
Erynnis tages,Dingy Skipper,1997,203,2.15,1976-2011
Erynnis tages,Dingy Skipper,1998,206,1.96,1976-2011
Erynnis tages,Dingy Skipper,1999,211,1.93,1976-2011
Erynnis tages,Dingy Skipper,2000,212,1.9,1976-2011
Erynnis tages,Dingy Skipper,2001,165,1.84,1976-2011
Erynnis tages,Dingy Skipper,2002,189,1.96,1976-2011
Erynnis tages,Dingy Skipper,2003,212,1.94,1976-2011
Erynnis tages,Dingy Skipper,2004,192,1.92,1976-2011
Erynnis tages,Dingy Skipper,2005,161,1.97,1976-2011
Erynnis tages,Dingy Skipper,2006,177,1.85,1976-2011
Erynnis tages,Dingy Skipper,2007,198,1.89,1976-2011
Erynnis tages,Dingy Skipper,2008,218,1.78,1976-2011
Erynnis tages,Dingy Skipper,2009,190,1.92,1976-2011
Erynnis tages,Dingy Skipper,2010,242,2.05,1976-2011
Erynnis tages,Dingy Skipper,2011,281,2.15,1976-2011
Pyrgus malvae,Grizzled Skipper,1976,15,2.43,1976-2011
Pyrgus malvae,Grizzled Skipper,1977,16,2.42,1976-2011
Pyrgus malvae,Grizzled Skipper,1978,18,2.01,1976-2011
Pyrgus malvae,Grizzled Skipper,1979,26,1.94,1976-2011
Pyrgus malvae,Grizzled Skipper,1980,28,2.08,1976-2011
Pyrgus malvae,Grizzled Skipper,1981,27,1.83,1976-2011
Pyrgus malvae,Grizzled Skipper,1982,34,1.88,1976-2011
Pyrgus malvae,Grizzled Skipper,1983,38,2.01,1976-2011
Pyrgus malvae,Grizzled Skipper,1984,41,1.93,1976-2011
Pyrgus malvae,Grizzled Skipper,1985,47,2.18,1976-2011
Pyrgus malvae,Grizzled Skipper,1986,49,1.99,1976-2011
Pyrgus malvae,Grizzled Skipper,1987,63,2.04,1976-2011
Pyrgus malvae,Grizzled Skipper,1988,79,1.95,1976-2011
Pyrgus malvae,Grizzled Skipper,1989,94,1.82,1976-2011
Pyrgus malvae,Grizzled Skipper,1990,107,2.1,1976-2011
Pyrgus malvae,Grizzled Skipper,1991,111,2.1,1976-2011
Pyrgus malvae,Grizzled Skipper,1992,126,1.98,1976-2011
Pyrgus malvae,Grizzled Skipper,1993,131,1.96,1976-2011
Pyrgus malvae,Grizzled Skipper,1994,139,1.82,1976-2011
Pyrgus malvae,Grizzled Skipper,1995,159,1.94,1976-2011
Pyrgus malvae,Grizzled Skipper,1996,176,2.08,1976-2011
Pyrgus malvae,Grizzled Skipper,1997,175,2.38,1976-2011
Pyrgus malvae,Grizzled Skipper,1998,185,2.03,1976-2011
Pyrgus malvae,Grizzled Skipper,1999,190,1.89,1976-2011
Pyrgus malvae,Grizzled Skipper,2000,181,1.89,1976-2011
Pyrgus malvae,Grizzled Skipper,2001,134,1.89,1976-2011
Pyrgus malvae,Grizzled Skipper,2002,165,2.06,1976-2011
Pyrgus malvae,Grizzled Skipper,2003,161,1.84,1976-2011
Pyrgus malvae,Grizzled Skipper,2004,143,1.94,1976-2011
Pyrgus malvae,Grizzled Skipper,2005,121,1.96,1976-2011
Pyrgus malvae,Grizzled Skipper,2006,146,1.8,1976-2011
Pyrgus malvae,Grizzled Skipper,2007,163,1.95,1976-2011
Pyrgus malvae,Grizzled Skipper,2008,175,1.83,1976-2011
Pyrgus malvae,Grizzled Skipper,2009,142,1.97,1976-2011
Pyrgus malvae,Grizzled Skipper,2010,169,1.9,1976-2011
Pyrgus malvae,Grizzled Skipper,2011,232,2.19,1976-2011
Papilio machaon,Swallowtail,1976,1,2.39,1976-2011
Papilio machaon,Swallowtail,1977,1,1.43,1976-2011
Papilio machaon,Swallowtail,1979,2,1.83,1976-2011
Papilio machaon,Swallowtail,1980,2,1.65,1976-2011
Papilio machaon,Swallowtail,1981,2,1.69,1976-2011
Papilio machaon,Swallowtail,1982,2,2,1976-2011
Papilio machaon,Swallowtail,1983,2,1.69,1976-2011
Papilio machaon,Swallowtail,1984,2,1.75,1976-2011
Papilio machaon,Swallowtail,1985,2,2.34,1976-2011
Papilio machaon,Swallowtail,1986,2,1.83,1976-2011
Papilio machaon,Swallowtail,1987,2,2.04,1976-2011
Papilio machaon,Swallowtail,1988,1,1.81,1976-2011
Papilio machaon,Swallowtail,1989,3,2.13,1976-2011
Papilio machaon,Swallowtail,1990,2,1.97,1976-2011
Papilio machaon,Swallowtail,1991,2,1.93,1976-2011
Papilio machaon,Swallowtail,1992,2,2.06,1976-2011
Papilio machaon,Swallowtail,1993,2,2.19,1976-2011
Papilio machaon,Swallowtail,1994,1,1.78,1976-2011
Papilio machaon,Swallowtail,1995,1,2.3,1976-2011
Papilio machaon,Swallowtail,1996,2,2.14,1976-2011
Papilio machaon,Swallowtail,1997,1,2.08,1976-2011
Papilio machaon,Swallowtail,1999,2,2.22,1976-2011
Papilio machaon,Swallowtail,2000,1,2.1,1976-2011
Papilio machaon,Swallowtail,2001,2,2.08,1976-2011
Papilio machaon,Swallowtail,2002,1,1.94,1976-2011
Papilio machaon,Swallowtail,2003,2,2.02,1976-2011
Papilio machaon,Swallowtail,2004,1,2.27,1976-2011
Papilio machaon,Swallowtail,2005,1,2.17,1976-2011
Papilio machaon,Swallowtail,2008,4,1.95,1976-2011
Papilio machaon,Swallowtail,2009,2,1.64,1976-2011
Papilio machaon,Swallowtail,2010,5,2.22,1976-2011
Papilio machaon,Swallowtail,2011,5,2.37,1976-2011
Leptidea sinapis,Wood White,1979,6,3.11,1976-2011
Leptidea sinapis,Wood White,1980,6,3.11,1976-2011
Leptidea sinapis,Wood White,1981,7,2.12,1976-2011
Leptidea sinapis,Wood White,1982,6,2.46,1976-2011
Leptidea sinapis,Wood White,1983,6,2.28,1976-2011
Leptidea sinapis,Wood White,1984,8,2.44,1976-2011
Leptidea sinapis,Wood White,1985,10,2.51,1976-2011
Leptidea sinapis,Wood White,1986,12,1.48,1976-2011
Leptidea sinapis,Wood White,1987,15,1.82,1976-2011
Leptidea sinapis,Wood White,1988,14,1.45,1976-2011
Leptidea sinapis,Wood White,1989,18,1.87,1976-2011
Leptidea sinapis,Wood White,1990,17,2.16,1976-2011
Leptidea sinapis,Wood White,1991,18,1.97,1976-2011
Leptidea sinapis,Wood White,1992,19,2.06,1976-2011
Leptidea sinapis,Wood White,1993,21,1.76,1976-2011
Leptidea sinapis,Wood White,1994,25,1.85,1976-2011
Leptidea sinapis,Wood White,1995,31,1.97,1976-2011
Leptidea sinapis,Wood White,1996,30,1.91,1976-2011
Leptidea sinapis,Wood White,1997,34,1.99,1976-2011
Leptidea sinapis,Wood White,1998,32,1.82,1976-2011
Leptidea sinapis,Wood White,1999,33,1.78,1976-2011
Leptidea sinapis,Wood White,2000,34,1.93,1976-2011
Leptidea sinapis,Wood White,2001,25,1.75,1976-2011
Leptidea sinapis,Wood White,2002,31,1.99,1976-2011
Leptidea sinapis,Wood White,2003,32,2.05,1976-2011
Leptidea sinapis,Wood White,2004,21,2.13,1976-2011
Leptidea sinapis,Wood White,2005,17,2.11,1976-2011
Leptidea sinapis,Wood White,2006,33,1.48,1976-2011
Leptidea sinapis,Wood White,2007,33,1.85,1976-2011
Leptidea sinapis,Wood White,2008,38,1.38,1976-2011
Leptidea sinapis,Wood White,2009,27,1.28,1976-2011
Leptidea sinapis,Wood White,2010,48,2.17,1976-2011
Leptidea sinapis,Wood White,2011,52,1.94,1976-2011
Gonepteryx rhamni,Brimstone,1976,33,1.98,1976-2011
Gonepteryx rhamni,Brimstone,1977,40,2.08,1976-2011
Gonepteryx rhamni,Brimstone,1978,47,1.95,1976-2011
Gonepteryx rhamni,Brimstone,1979,58,1.94,1976-2011
Gonepteryx rhamni,Brimstone,1980,62,1.95,1976-2011
Gonepteryx rhamni,Brimstone,1981,66,1.84,1976-2011
Gonepteryx rhamni,Brimstone,1982,70,2.07,1976-2011
Gonepteryx rhamni,Brimstone,1983,83,2.02,1976-2011
Gonepteryx rhamni,Brimstone,1984,89,2.14,1976-2011
Gonepteryx rhamni,Brimstone,1985,94,2.11,1976-2011
Gonepteryx rhamni,Brimstone,1986,101,1.85,1976-2011
Gonepteryx rhamni,Brimstone,1987,120,1.78,1976-2011
Gonepteryx rhamni,Brimstone,1988,140,1.97,1976-2011
Gonepteryx rhamni,Brimstone,1989,174,1.88,1976-2011
Gonepteryx rhamni,Brimstone,1990,201,1.94,1976-2011
Gonepteryx rhamni,Brimstone,1991,214,2.1,1976-2011
Gonepteryx rhamni,Brimstone,1992,242,2.13,1976-2011
Gonepteryx rhamni,Brimstone,1993,267,1.99,1976-2011
Gonepteryx rhamni,Brimstone,1994,280,1.86,1976-2011
Gonepteryx rhamni,Brimstone,1995,348,1.98,1976-2011
Gonepteryx rhamni,Brimstone,1996,369,2.15,1976-2011
Gonepteryx rhamni,Brimstone,1997,393,2.06,1976-2011
Gonepteryx rhamni,Brimstone,1998,394,1.97,1976-2011
Gonepteryx rhamni,Brimstone,1999,407,1.95,1976-2011
Gonepteryx rhamni,Brimstone,2000,445,2.09,1976-2011
Gonepteryx rhamni,Brimstone,2001,381,1.97,1976-2011
Gonepteryx rhamni,Brimstone,2002,484,2,1976-2011
Gonepteryx rhamni,Brimstone,2003,506,1.97,1976-2011
Gonepteryx rhamni,Brimstone,2004,450,2.06,1976-2011
Gonepteryx rhamni,Brimstone,2005,413,2.1,1976-2011
Gonepteryx rhamni,Brimstone,2006,368,2.1,1976-2011
Gonepteryx rhamni,Brimstone,2007,486,2.07,1976-2011
Gonepteryx rhamni,Brimstone,2008,359,1.91,1976-2011
Gonepteryx rhamni,Brimstone,2009,430,2.05,1976-2011
Gonepteryx rhamni,Brimstone,2010,431,1.99,1976-2011
Gonepteryx rhamni,Brimstone,2011,546,2.02,1976-2011
Pieris brassicae,Large White,1976,33,2,1976-2011
Pieris brassicae,Large White,1977,49,1.81,1976-2011
Pieris brassicae,Large White,1978,55,2.16,1976-2011
Pieris brassicae,Large White,1979,76,2.41,1976-2011
Pieris brassicae,Large White,1980,78,2.08,1976-2011
Pieris brassicae,Large White,1981,85,1.98,1976-2011
Pieris brassicae,Large White,1982,89,2.14,1976-2011
Pieris brassicae,Large White,1983,101,2.04,1976-2011
Pieris brassicae,Large White,1984,107,1.9,1976-2011
Pieris brassicae,Large White,1985,109,1.88,1976-2011
Pieris brassicae,Large White,1986,120,2.08,1976-2011
Pieris brassicae,Large White,1987,136,1.74,1976-2011
Pieris brassicae,Large White,1988,151,2.25,1976-2011
Pieris brassicae,Large White,1989,189,2.16,1976-2011
Pieris brassicae,Large White,1990,221,1.97,1976-2011
Pieris brassicae,Large White,1991,242,1.98,1976-2011
Pieris brassicae,Large White,1992,272,2.57,1976-2011
Pieris brassicae,Large White,1993,287,1.93,1976-2011
Pieris brassicae,Large White,1994,321,1.94,1976-2011
Pieris brassicae,Large White,1995,383,1.91,1976-2011
Pieris brassicae,Large White,1996,408,1.63,1976-2011
Pieris brassicae,Large White,1997,431,2.02,1976-2011
Pieris brassicae,Large White,1998,437,2.08,1976-2011
Pieris brassicae,Large White,1999,450,1.85,1976-2011
Pieris brassicae,Large White,2000,484,1.9,1976-2011
Pieris brassicae,Large White,2001,444,1.83,1976-2011
Pieris brassicae,Large White,2002,520,1.95,1976-2011
Pieris brassicae,Large White,2003,598,2.01,1976-2011
Pieris brassicae,Large White,2004,570,1.92,1976-2011
Pieris brassicae,Large White,2005,517,2.02,1976-2011
Pieris brassicae,Large White,2006,542,1.94,1976-2011
Pieris brassicae,Large White,2007,522,1.8,1976-2011
Pieris brassicae,Large White,2008,503,1.96,1976-2011
Pieris brassicae,Large White,2009,577,2.34,1976-2011
Pieris brassicae,Large White,2010,588,1.95,1976-2011
Pieris brassicae,Large White,2011,619,1.86,1976-2011
Pieris rapae,Small White,1976,32,1.91,1976-2011
Pieris rapae,Small White,1977,44,1.87,1976-2011
Pieris rapae,Small White,1978,55,2.23,1976-2011
Pieris rapae,Small White,1979,72,2.15,1976-2011
Pieris rapae,Small White,1980,72,1.87,1976-2011
Pieris rapae,Small White,1981,83,1.74,1976-2011
Pieris rapae,Small White,1982,89,2.17,1976-2011
Pieris rapae,Small White,1983,100,1.98,1976-2011
Pieris rapae,Small White,1984,106,2.04,1976-2011
Pieris rapae,Small White,1985,109,1.89,1976-2011
Pieris rapae,Small White,1986,118,2.32,1976-2011
Pieris rapae,Small White,1987,132,1.88,1976-2011
Pieris rapae,Small White,1988,153,1.95,1976-2011
Pieris rapae,Small White,1989,185,2.18,1976-2011
Pieris rapae,Small White,1990,220,2.08,1976-2011
Pieris rapae,Small White,1991,240,1.96,1976-2011
Pieris rapae,Small White,1992,262,2.24,1976-2011
Pieris rapae,Small White,1993,272,1.74,1976-2011
Pieris rapae,Small White,1994,317,2.16,1976-2011
Pieris rapae,Small White,1995,377,2.34,1976-2011
Pieris rapae,Small White,1996,402,1.95,1976-2011
Pieris rapae,Small White,1997,425,2.27,1976-2011
Pieris rapae,Small White,1998,432,1.93,1976-2011
Pieris rapae,Small White,1999,456,1.85,1976-2011
Pieris rapae,Small White,2000,481,1.85,1976-2011
Pieris rapae,Small White,2001,444,1.9,1976-2011
Pieris rapae,Small White,2002,515,1.86,1976-2011
Pieris rapae,Small White,2003,595,2.15,1976-2011
Pieris rapae,Small White,2004,576,2.09,1976-2011
Pieris rapae,Small White,2005,537,1.91,1976-2011
Pieris rapae,Small White,2006,545,1.98,1976-2011
Pieris rapae,Small White,2007,534,1.77,1976-2011
Pieris rapae,Small White,2008,495,1.8,1976-2011
Pieris rapae,Small White,2009,564,2.1,1976-2011
Pieris rapae,Small White,2010,579,1.96,1976-2011
Pieris rapae,Small White,2011,613,1.94,1976-2011
Pieris napi,Green-veined White,1976,34,1.85,1976-2011
Pieris napi,Green-veined White,1977,49,1.77,1976-2011
Pieris napi,Green-veined White,1978,57,2.19,1976-2011
Pieris napi,Green-veined White,1979,72,2.13,1976-2011
Pieris napi,Green-veined White,1980,80,2.06,1976-2011
Pieris napi,Green-veined White,1981,85,2.02,1976-2011
Pieris napi,Green-veined White,1982,91,2.2,1976-2011
Pieris napi,Green-veined White,1983,103,2.01,1976-2011
Pieris napi,Green-veined White,1984,108,1.99,1976-2011
Pieris napi,Green-veined White,1985,109,1.86,1976-2011
Pieris napi,Green-veined White,1986,118,2.04,1976-2011
Pieris napi,Green-veined White,1987,127,1.92,1976-2011
Pieris napi,Green-veined White,1988,155,2.07,1976-2011
Pieris napi,Green-veined White,1989,189,2.16,1976-2011
Pieris napi,Green-veined White,1990,221,1.95,1976-2011
Pieris napi,Green-veined White,1991,246,1.87,1976-2011
Pieris napi,Green-veined White,1992,275,2.12,1976-2011
Pieris napi,Green-veined White,1993,285,1.85,1976-2011
Pieris napi,Green-veined White,1994,317,1.89,1976-2011
Pieris napi,Green-veined White,1995,374,2.07,1976-2011
Pieris napi,Green-veined White,1996,408,1.83,1976-2011
Pieris napi,Green-veined White,1997,429,2.13,1976-2011
Pieris napi,Green-veined White,1998,428,2.11,1976-2011
Pieris napi,Green-veined White,1999,436,1.98,1976-2011
Pieris napi,Green-veined White,2000,479,2.05,1976-2011
Pieris napi,Green-veined White,2001,425,1.91,1976-2011
Pieris napi,Green-veined White,2002,514,2.03,1976-2011
Pieris napi,Green-veined White,2003,571,2.03,1976-2011
Pieris napi,Green-veined White,2004,565,2.09,1976-2011
Pieris napi,Green-veined White,2005,497,1.94,1976-2011
Pieris napi,Green-veined White,2006,515,1.82,1976-2011
Pieris napi,Green-veined White,2007,523,1.81,1976-2011
Pieris napi,Green-veined White,2008,495,1.84,1976-2011
Pieris napi,Green-veined White,2009,543,2.23,1976-2011
Pieris napi,Green-veined White,2010,580,2.1,1976-2011
Pieris napi,Green-veined White,2011,609,2.08,1976-2011
Anthocharis cardamines,Orange Tip,1976,31,1.85,1976-2011
Anthocharis cardamines,Orange Tip,1977,44,1.88,1976-2011
Anthocharis cardamines,Orange Tip,1978,54,1.99,1976-2011
Anthocharis cardamines,Orange Tip,1979,70,1.98,1976-2011
Anthocharis cardamines,Orange Tip,1980,72,2.02,1976-2011
Anthocharis cardamines,Orange Tip,1981,72,1.93,1976-2011
Anthocharis cardamines,Orange Tip,1982,82,1.86,1976-2011
Anthocharis cardamines,Orange Tip,1983,92,1.98,1976-2011
Anthocharis cardamines,Orange Tip,1984,98,2.08,1976-2011
Anthocharis cardamines,Orange Tip,1985,103,2.06,1976-2011
Anthocharis cardamines,Orange Tip,1986,106,1.89,1976-2011
Anthocharis cardamines,Orange Tip,1987,125,2.08,1976-2011
Anthocharis cardamines,Orange Tip,1988,155,1.89,1976-2011
Anthocharis cardamines,Orange Tip,1989,184,1.99,1976-2011
Anthocharis cardamines,Orange Tip,1990,212,2.22,1976-2011
Anthocharis cardamines,Orange Tip,1991,209,2.16,1976-2011
Anthocharis cardamines,Orange Tip,1992,257,2.07,1976-2011
Anthocharis cardamines,Orange Tip,1993,280,2.12,1976-2011
Anthocharis cardamines,Orange Tip,1994,289,1.96,1976-2011
Anthocharis cardamines,Orange Tip,1995,341,2,1976-2011
Anthocharis cardamines,Orange Tip,1996,381,1.97,1976-2011
Anthocharis cardamines,Orange Tip,1997,396,2.11,1976-2011
Anthocharis cardamines,Orange Tip,1998,411,1.97,1976-2011
Anthocharis cardamines,Orange Tip,1999,424,1.93,1976-2011
Anthocharis cardamines,Orange Tip,2000,457,2.02,1976-2011
Anthocharis cardamines,Orange Tip,2001,356,1.88,1976-2011
Anthocharis cardamines,Orange Tip,2002,475,2.06,1976-2011
Anthocharis cardamines,Orange Tip,2003,482,1.94,1976-2011
Anthocharis cardamines,Orange Tip,2004,472,2.02,1976-2011
Anthocharis cardamines,Orange Tip,2005,448,2.02,1976-2011
Anthocharis cardamines,Orange Tip,2006,368,1.94,1976-2011
Anthocharis cardamines,Orange Tip,2007,493,1.95,1976-2011
Anthocharis cardamines,Orange Tip,2008,455,1.81,1976-2011
Anthocharis cardamines,Orange Tip,2009,458,2.04,1976-2011
Anthocharis cardamines,Orange Tip,2010,432,2.11,1976-2011
Anthocharis cardamines,Orange Tip,2011,666,2.23,1976-2011
Callophrys rubi,Green Hairstreak,1976,17,2.03,1976-2011
Callophrys rubi,Green Hairstreak,1977,23,2.01,1976-2011
Callophrys rubi,Green Hairstreak,1978,24,2,1976-2011
Callophrys rubi,Green Hairstreak,1979,39,1.95,1976-2011
Callophrys rubi,Green Hairstreak,1980,40,2.18,1976-2011
Callophrys rubi,Green Hairstreak,1981,39,1.91,1976-2011
Callophrys rubi,Green Hairstreak,1982,47,2.23,1976-2011
Callophrys rubi,Green Hairstreak,1983,53,2.02,1976-2011
Callophrys rubi,Green Hairstreak,1984,55,2.22,1976-2011
Callophrys rubi,Green Hairstreak,1985,59,2.25,1976-2011
Callophrys rubi,Green Hairstreak,1986,64,1.95,1976-2011
Callophrys rubi,Green Hairstreak,1987,68,1.94,1976-2011
Callophrys rubi,Green Hairstreak,1988,91,2.33,1976-2011
Callophrys rubi,Green Hairstreak,1989,106,1.72,1976-2011
Callophrys rubi,Green Hairstreak,1990,124,2.05,1976-2011
Callophrys rubi,Green Hairstreak,1991,119,1.86,1976-2011
Callophrys rubi,Green Hairstreak,1992,147,2.02,1976-2011
Callophrys rubi,Green Hairstreak,1993,147,2.18,1976-2011
Callophrys rubi,Green Hairstreak,1994,162,2.1,1976-2011
Callophrys rubi,Green Hairstreak,1995,188,2.1,1976-2011
Callophrys rubi,Green Hairstreak,1996,200,1.93,1976-2011
Callophrys rubi,Green Hairstreak,1997,204,2.07,1976-2011
Callophrys rubi,Green Hairstreak,1998,209,1.92,1976-2011
Callophrys rubi,Green Hairstreak,1999,217,1.96,1976-2011
Callophrys rubi,Green Hairstreak,2000,223,2.09,1976-2011
Callophrys rubi,Green Hairstreak,2001,187,1.91,1976-2011
Callophrys rubi,Green Hairstreak,2002,210,1.91,1976-2011
Callophrys rubi,Green Hairstreak,2003,234,1.81,1976-2011
Callophrys rubi,Green Hairstreak,2004,194,1.96,1976-2011
Callophrys rubi,Green Hairstreak,2005,185,1.99,1976-2011
Callophrys rubi,Green Hairstreak,2006,206,1.94,1976-2011
Callophrys rubi,Green Hairstreak,2007,224,1.93,1976-2011
Callophrys rubi,Green Hairstreak,2008,243,1.66,1976-2011
Callophrys rubi,Green Hairstreak,2009,204,1.89,1976-2011
Callophrys rubi,Green Hairstreak,2010,256,1.97,1976-2011
Callophrys rubi,Green Hairstreak,2011,315,2.05,1976-2011
Thecla betulae,Brown Hairstreak,1983,7,1.42,1976-2011
Thecla betulae,Brown Hairstreak,1984,8,2.08,1976-2011
Thecla betulae,Brown Hairstreak,1985,9,2.05,1976-2011
Thecla betulae,Brown Hairstreak,1986,10,2.04,1976-2011
Thecla betulae,Brown Hairstreak,1987,10,1.75,1976-2011
Thecla betulae,Brown Hairstreak,1988,9,1.9,1976-2011
Thecla betulae,Brown Hairstreak,1989,12,1.9,1976-2011
Thecla betulae,Brown Hairstreak,1990,12,2.12,1976-2011
Thecla betulae,Brown Hairstreak,1991,14,2.13,1976-2011
Thecla betulae,Brown Hairstreak,1992,16,1.88,1976-2011
Thecla betulae,Brown Hairstreak,1993,18,1.88,1976-2011
Thecla betulae,Brown Hairstreak,1994,19,1.95,1976-2011
Thecla betulae,Brown Hairstreak,1995,20,2.63,1976-2011
Thecla betulae,Brown Hairstreak,1996,22,2.28,1976-2011
Thecla betulae,Brown Hairstreak,1997,22,1.82,1976-2011
Thecla betulae,Brown Hairstreak,1998,24,2.1,1976-2011
Thecla betulae,Brown Hairstreak,1999,23,2.2,1976-2011
Thecla betulae,Brown Hairstreak,2000,23,2.17,1976-2011
Thecla betulae,Brown Hairstreak,2001,21,2.13,1976-2011
Thecla betulae,Brown Hairstreak,2002,25,1.81,1976-2011
Thecla betulae,Brown Hairstreak,2003,26,2.09,1976-2011
Thecla betulae,Brown Hairstreak,2004,23,2.18,1976-2011
Thecla betulae,Brown Hairstreak,2005,22,2.28,1976-2011
Thecla betulae,Brown Hairstreak,2006,24,2.03,1976-2011
Thecla betulae,Brown Hairstreak,2007,29,1.76,1976-2011
Thecla betulae,Brown Hairstreak,2008,31,1.96,1976-2011
Thecla betulae,Brown Hairstreak,2009,31,1.8,1976-2011
Thecla betulae,Brown Hairstreak,2010,37,1.9,1976-2011
Thecla betulae,Brown Hairstreak,2011,50,1.76,1976-2011
Favonius (Neozephyrus) quercus,Purple Hairstreak,1976,23,2.63,1976-2011
Favonius (Neozephyrus) quercus,Purple Hairstreak,1977,27,1.98,1976-2011
Favonius (Neozephyrus) quercus,Purple Hairstreak,1978,28,2.42,1976-2011
Favonius (Neozephyrus) quercus,Purple Hairstreak,1979,34,1.93,1976-2011
Favonius (Neozephyrus) quercus,Purple Hairstreak,1980,36,1.93,1976-2011
Favonius (Neozephyrus) quercus,Purple Hairstreak,1981,38,2.54,1976-2011
Favonius (Neozephyrus) quercus,Purple Hairstreak,1982,37,1.94,1976-2011
Favonius (Neozephyrus) quercus,Purple Hairstreak,1983,46,2.29,1976-2011
Favonius (Neozephyrus) quercus,Purple Hairstreak,1984,53,2.28,1976-2011
Favonius (Neozephyrus) quercus,Purple Hairstreak,1985,56,1.54,1976-2011
Favonius (Neozephyrus) quercus,Purple Hairstreak,1986,61,1.45,1976-2011
Favonius (Neozephyrus) quercus,Purple Hairstreak,1987,68,1.4,1976-2011
Favonius (Neozephyrus) quercus,Purple Hairstreak,1988,73,1.33,1976-2011
Favonius (Neozephyrus) quercus,Purple Hairstreak,1989,91,1.65,1976-2011
Favonius (Neozephyrus) quercus,Purple Hairstreak,1990,107,1.9,1976-2011
Favonius (Neozephyrus) quercus,Purple Hairstreak,1991,121,1.86,1976-2011
Favonius (Neozephyrus) quercus,Purple Hairstreak,1992,135,1.96,1976-2011
Favonius (Neozephyrus) quercus,Purple Hairstreak,1993,134,1.93,1976-2011
Favonius (Neozephyrus) quercus,Purple Hairstreak,1994,157,1.99,1976-2011
Favonius (Neozephyrus) quercus,Purple Hairstreak,1995,176,2.02,1976-2011
Favonius (Neozephyrus) quercus,Purple Hairstreak,1996,200,2.16,1976-2011
Favonius (Neozephyrus) quercus,Purple Hairstreak,1997,206,2.05,1976-2011
Favonius (Neozephyrus) quercus,Purple Hairstreak,1998,215,2.15,1976-2011
Favonius (Neozephyrus) quercus,Purple Hairstreak,1999,206,2.14,1976-2011
Favonius (Neozephyrus) quercus,Purple Hairstreak,2000,216,2.12,1976-2011
Favonius (Neozephyrus) quercus,Purple Hairstreak,2001,190,1.99,1976-2011
Favonius (Neozephyrus) quercus,Purple Hairstreak,2002,212,2.25,1976-2011
Favonius (Neozephyrus) quercus,Purple Hairstreak,2003,210,1.9,1976-2011
Favonius (Neozephyrus) quercus,Purple Hairstreak,2004,169,2.14,1976-2011
Favonius (Neozephyrus) quercus,Purple Hairstreak,2005,119,2.1,1976-2011
Favonius (Neozephyrus) quercus,Purple Hairstreak,2006,212,1.92,1976-2011
Favonius (Neozephyrus) quercus,Purple Hairstreak,2007,199,1.87,1976-2011
Favonius (Neozephyrus) quercus,Purple Hairstreak,2008,195,2.01,1976-2011
Favonius (Neozephyrus) quercus,Purple Hairstreak,2009,204,2.08,1976-2011
Favonius (Neozephyrus) quercus,Purple Hairstreak,2010,245,2.08,1976-2011
Favonius (Neozephyrus) quercus,Purple Hairstreak,2011,266,2.05,1976-2011
Satyrium w-album,White-letter Hairstreak,1976,16,3.23,1976-2011
Satyrium w-album,White-letter Hairstreak,1977,18,1.59,1976-2011
Satyrium w-album,White-letter Hairstreak,1978,18,2.32,1976-2011
Satyrium w-album,White-letter Hairstreak,1979,20,2.31,1976-2011
Satyrium w-album,White-letter Hairstreak,1980,22,2.1,1976-2011
Satyrium w-album,White-letter Hairstreak,1981,25,1.48,1976-2011
Satyrium w-album,White-letter Hairstreak,1982,26,1.64,1976-2011
Satyrium w-album,White-letter Hairstreak,1983,27,2.32,1976-2011
Satyrium w-album,White-letter Hairstreak,1984,29,2.79,1976-2011
Satyrium w-album,White-letter Hairstreak,1985,28,2.4,1976-2011
Satyrium w-album,White-letter Hairstreak,1986,30,2.49,1976-2011
Satyrium w-album,White-letter Hairstreak,1987,32,2.26,1976-2011
Satyrium w-album,White-letter Hairstreak,1988,36,2.04,1976-2011
Satyrium w-album,White-letter Hairstreak,1989,40,2.19,1976-2011
Satyrium w-album,White-letter Hairstreak,1990,52,1.73,1976-2011
Satyrium w-album,White-letter Hairstreak,1991,51,2.2,1976-2011
Satyrium w-album,White-letter Hairstreak,1992,55,2.31,1976-2011
Satyrium w-album,White-letter Hairstreak,1993,59,2.24,1976-2011
Satyrium w-album,White-letter Hairstreak,1994,68,2.04,1976-2011
Satyrium w-album,White-letter Hairstreak,1995,75,2.21,1976-2011
Satyrium w-album,White-letter Hairstreak,1996,83,2.38,1976-2011
Satyrium w-album,White-letter Hairstreak,1997,88,1.85,1976-2011
Satyrium w-album,White-letter Hairstreak,1998,94,1.69,1976-2011
Satyrium w-album,White-letter Hairstreak,1999,86,1.55,1976-2011
Satyrium w-album,White-letter Hairstreak,2000,87,1.76,1976-2011
Satyrium w-album,White-letter Hairstreak,2001,73,1.78,1976-2011
Satyrium w-album,White-letter Hairstreak,2002,73,1.59,1976-2011
Satyrium w-album,White-letter Hairstreak,2003,69,1.73,1976-2011
Satyrium w-album,White-letter Hairstreak,2004,60,1.77,1976-2011
Satyrium w-album,White-letter Hairstreak,2005,48,1.95,1976-2011
Satyrium w-album,White-letter Hairstreak,2006,84,1.85,1976-2011
Satyrium w-album,White-letter Hairstreak,2007,73,1.7,1976-2011
Satyrium w-album,White-letter Hairstreak,2008,95,1.51,1976-2011
Satyrium w-album,White-letter Hairstreak,2009,94,1.66,1976-2011
Satyrium w-album,White-letter Hairstreak,2010,117,1.71,1976-2011
Satyrium w-album,White-letter Hairstreak,2011,124,1.63,1976-2011
Satyrium pruni,Black Hairstreak,1995,5,2.34,1976-2011
Satyrium pruni,Black Hairstreak,1996,6,2.29,1976-2011
Satyrium pruni,Black Hairstreak,1997,6,1.74,1976-2011
Satyrium pruni,Black Hairstreak,1998,5,1.59,1976-2011
Satyrium pruni,Black Hairstreak,2000,5,1.79,1976-2011
Satyrium pruni,Black Hairstreak,2001,6,1.83,1976-2011
Satyrium pruni,Black Hairstreak,2002,6,2.01,1976-2011
Satyrium pruni,Black Hairstreak,2003,5,1.19,1976-2011
Satyrium pruni,Black Hairstreak,2004,7,2.39,1976-2011
Satyrium pruni,Black Hairstreak,2005,6,1.74,1976-2011
Satyrium pruni,Black Hairstreak,2006,9,2.2,1976-2011
Satyrium pruni,Black Hairstreak,2007,9,2.17,1976-2011
Satyrium pruni,Black Hairstreak,2008,8,1.85,1976-2011
Satyrium pruni,Black Hairstreak,2009,9,2.14,1976-2011
Satyrium pruni,Black Hairstreak,2010,10,2.61,1976-2011
Satyrium pruni,Black Hairstreak,2011,10,2.15,1976-2011
Lycaena phlaeas,Small Copper,1976,34,2.3,1976-2011
Lycaena phlaeas,Small Copper,1977,52,1.64,1976-2011
Lycaena phlaeas,Small Copper,1978,55,1.79,1976-2011
Lycaena phlaeas,Small Copper,1979,76,2.16,1976-2011
Lycaena phlaeas,Small Copper,1980,78,1.93,1976-2011
Lycaena phlaeas,Small Copper,1981,87,1.89,1976-2011
Lycaena phlaeas,Small Copper,1982,89,2.16,1976-2011
Lycaena phlaeas,Small Copper,1983,100,2.08,1976-2011
Lycaena phlaeas,Small Copper,1984,108,2.23,1976-2011
Lycaena phlaeas,Small Copper,1985,112,1.83,1976-2011
Lycaena phlaeas,Small Copper,1986,123,2.03,1976-2011
Lycaena phlaeas,Small Copper,1987,139,2.02,1976-2011
Lycaena phlaeas,Small Copper,1988,159,1.86,1976-2011
Lycaena phlaeas,Small Copper,1989,192,2.36,1976-2011
Lycaena phlaeas,Small Copper,1990,221,2.27,1976-2011
Lycaena phlaeas,Small Copper,1991,241,2.24,1976-2011
Lycaena phlaeas,Small Copper,1992,264,2.1,1976-2011
Lycaena phlaeas,Small Copper,1993,282,1.82,1976-2011
Lycaena phlaeas,Small Copper,1994,318,1.95,1976-2011
Lycaena phlaeas,Small Copper,1995,381,2.22,1976-2011
Lycaena phlaeas,Small Copper,1996,411,2.17,1976-2011
Lycaena phlaeas,Small Copper,1997,413,2.2,1976-2011
Lycaena phlaeas,Small Copper,1998,419,1.93,1976-2011
Lycaena phlaeas,Small Copper,1999,411,1.72,1976-2011
Lycaena phlaeas,Small Copper,2000,456,1.73,1976-2011
Lycaena phlaeas,Small Copper,2001,399,1.8,1976-2011
Lycaena phlaeas,Small Copper,2002,470,1.75,1976-2011
Lycaena phlaeas,Small Copper,2003,537,2.09,1976-2011
Lycaena phlaeas,Small Copper,2004,499,2.07,1976-2011
Lycaena phlaeas,Small Copper,2005,401,1.85,1976-2011
Lycaena phlaeas,Small Copper,2006,478,2.05,1976-2011
Lycaena phlaeas,Small Copper,2007,481,1.91,1976-2011
Lycaena phlaeas,Small Copper,2008,427,1.75,1976-2011
Lycaena phlaeas,Small Copper,2009,488,1.99,1976-2011
Lycaena phlaeas,Small Copper,2010,522,2.12,1976-2011
Lycaena phlaeas,Small Copper,2011,547,2.03,1976-2011
Cupido minimus,Small Blue,1978,6,1.99,1976-2011
Cupido minimus,Small Blue,1979,10,2.06,1976-2011
Cupido minimus,Small Blue,1980,14,2,1976-2011
Cupido minimus,Small Blue,1981,12,1.54,1976-2011
Cupido minimus,Small Blue,1982,17,1.48,1976-2011
Cupido minimus,Small Blue,1983,21,1.48,1976-2011
Cupido minimus,Small Blue,1984,16,2.05,1976-2011
Cupido minimus,Small Blue,1985,21,2.12,1976-2011
Cupido minimus,Small Blue,1986,25,2.46,1976-2011
Cupido minimus,Small Blue,1987,26,2.43,1976-2011
Cupido minimus,Small Blue,1988,37,2.25,1976-2011
Cupido minimus,Small Blue,1989,38,2.23,1976-2011
Cupido minimus,Small Blue,1990,48,2.1,1976-2011
Cupido minimus,Small Blue,1991,48,1.94,1976-2011
Cupido minimus,Small Blue,1992,57,2.15,1976-2011
Cupido minimus,Small Blue,1993,57,2.06,1976-2011
Cupido minimus,Small Blue,1994,63,2.27,1976-2011
Cupido minimus,Small Blue,1995,78,1.83,1976-2011
Cupido minimus,Small Blue,1996,83,1.65,1976-2011
Cupido minimus,Small Blue,1997,85,1.74,1976-2011
Cupido minimus,Small Blue,1998,72,1.87,1976-2011
Cupido minimus,Small Blue,1999,87,2.06,1976-2011
Cupido minimus,Small Blue,2000,90,2.05,1976-2011
Cupido minimus,Small Blue,2001,73,1.95,1976-2011
Cupido minimus,Small Blue,2002,84,1.7,1976-2011
Cupido minimus,Small Blue,2003,90,1.98,1976-2011
Cupido minimus,Small Blue,2004,84,2.17,1976-2011
Cupido minimus,Small Blue,2005,65,2.15,1976-2011
Cupido minimus,Small Blue,2006,111,2.08,1976-2011
Cupido minimus,Small Blue,2007,91,1.83,1976-2011
Cupido minimus,Small Blue,2008,112,1.84,1976-2011
Cupido minimus,Small Blue,2009,97,2.17,1976-2011
Cupido minimus,Small Blue,2010,126,2.11,1976-2011
Cupido minimus,Small Blue,2011,137,2.21,1976-2011
Plebejus argus,Silver-studded Blue,1979,7,1.84,1976-2011
Plebejus argus,Silver-studded Blue,1980,6,2.04,1976-2011
Plebejus argus,Silver-studded Blue,1981,8,1.5,1976-2011
Plebejus argus,Silver-studded Blue,1982,7,2.2,1976-2011
Plebejus argus,Silver-studded Blue,1983,6,1.61,1976-2011
Plebejus argus,Silver-studded Blue,1984,9,1.87,1976-2011
Plebejus argus,Silver-studded Blue,1985,7,2.07,1976-2011
Plebejus argus,Silver-studded Blue,1986,6,2.3,1976-2011
Plebejus argus,Silver-studded Blue,1987,6,2.51,1976-2011
Plebejus argus,Silver-studded Blue,1988,8,1.82,1976-2011
Plebejus argus,Silver-studded Blue,1989,12,2.16,1976-2011
Plebejus argus,Silver-studded Blue,1990,16,2.06,1976-2011
Plebejus argus,Silver-studded Blue,1991,13,1.59,1976-2011
Plebejus argus,Silver-studded Blue,1992,18,1.87,1976-2011
Plebejus argus,Silver-studded Blue,1993,17,1.99,1976-2011
Plebejus argus,Silver-studded Blue,1994,19,2.22,1976-2011
Plebejus argus,Silver-studded Blue,1995,26,2.19,1976-2011
Plebejus argus,Silver-studded Blue,1996,26,2.45,1976-2011
Plebejus argus,Silver-studded Blue,1997,26,2.07,1976-2011
Plebejus argus,Silver-studded Blue,1998,28,1.82,1976-2011
Plebejus argus,Silver-studded Blue,1999,35,1.82,1976-2011
Plebejus argus,Silver-studded Blue,2000,35,1.84,1976-2011
Plebejus argus,Silver-studded Blue,2001,30,2.05,1976-2011
Plebejus argus,Silver-studded Blue,2002,29,2.03,1976-2011
Plebejus argus,Silver-studded Blue,2003,32,2.2,1976-2011
Plebejus argus,Silver-studded Blue,2004,25,2,1976-2011
Plebejus argus,Silver-studded Blue,2005,25,1.97,1976-2011
Plebejus argus,Silver-studded Blue,2006,36,2.19,1976-2011
Plebejus argus,Silver-studded Blue,2007,33,1.69,1976-2011
Plebejus argus,Silver-studded Blue,2008,38,1.8,1976-2011
Plebejus argus,Silver-studded Blue,2009,38,2.11,1976-2011
Plebejus argus,Silver-studded Blue,2010,45,2.05,1976-2011
Plebejus argus,Silver-studded Blue,2011,55,2.07,1976-2011
Aricia agestis,Brown Argus,1976,22,2.36,1976-2011
Aricia agestis,Brown Argus,1977,28,1.94,1976-2011
Aricia agestis,Brown Argus,1978,28,1.85,1976-2011
Aricia agestis,Brown Argus,1979,37,2.06,1976-2011
Aricia agestis,Brown Argus,1980,41,1.91,1976-2011
Aricia agestis,Brown Argus,1981,44,1.72,1976-2011
Aricia agestis,Brown Argus,1982,45,2.24,1976-2011
Aricia agestis,Brown Argus,1983,54,2.06,1976-2011
Aricia agestis,Brown Argus,1984,64,2.18,1976-2011
Aricia agestis,Brown Argus,1985,69,1.8,1976-2011
Aricia agestis,Brown Argus,1986,74,1.71,1976-2011
Aricia agestis,Brown Argus,1987,82,1.55,1976-2011
Aricia agestis,Brown Argus,1988,96,1.7,1976-2011
Aricia agestis,Brown Argus,1989,118,1.98,1976-2011
Aricia agestis,Brown Argus,1990,132,2.06,1976-2011
Aricia agestis,Brown Argus,1991,145,2.02,1976-2011
Aricia agestis,Brown Argus,1992,163,1.89,1976-2011
Aricia agestis,Brown Argus,1993,174,1.75,1976-2011
Aricia agestis,Brown Argus,1994,192,2.05,1976-2011
Aricia agestis,Brown Argus,1995,227,2.28,1976-2011
Aricia agestis,Brown Argus,1996,252,2.46,1976-2011
Aricia agestis,Brown Argus,1997,263,2.29,1976-2011
Aricia agestis,Brown Argus,1998,253,1.83,1976-2011
Aricia agestis,Brown Argus,1999,279,2.02,1976-2011
Aricia agestis,Brown Argus,2000,270,2.12,1976-2011
Aricia agestis,Brown Argus,2001,229,1.87,1976-2011
Aricia agestis,Brown Argus,2002,256,1.9,1976-2011
Aricia agestis,Brown Argus,2003,273,2.03,1976-2011
Aricia agestis,Brown Argus,2004,264,2.03,1976-2011
Aricia agestis,Brown Argus,2005,243,2.09,1976-2011
Aricia agestis,Brown Argus,2006,277,2.2,1976-2011
Aricia agestis,Brown Argus,2007,284,1.82,1976-2011
Aricia agestis,Brown Argus,2008,271,1.73,1976-2011
Aricia agestis,Brown Argus,2009,291,2.03,1976-2011
Aricia agestis,Brown Argus,2010,321,2.3,1976-2011
Aricia agestis,Brown Argus,2011,365,2.14,1976-2011
Aricia artaxerxes,Northern Brown Argus,1979,9,2.43,1976-2011
Aricia artaxerxes,Northern Brown Argus,1980,9,2.19,1976-2011
Aricia artaxerxes,Northern Brown Argus,1981,8,1.15,1976-2011
Aricia artaxerxes,Northern Brown Argus,1982,10,2.15,1976-2011
Aricia artaxerxes,Northern Brown Argus,1983,11,2.1,1976-2011
Aricia artaxerxes,Northern Brown Argus,1984,8,2.07,1976-2011
Aricia artaxerxes,Northern Brown Argus,1985,8,1.76,1976-2011
Aricia artaxerxes,Northern Brown Argus,1986,8,2.07,1976-2011
Aricia artaxerxes,Northern Brown Argus,1987,7,2.22,1976-2011
Aricia artaxerxes,Northern Brown Argus,1988,10,2.46,1976-2011
Aricia artaxerxes,Northern Brown Argus,1989,13,2.34,1976-2011
Aricia artaxerxes,Northern Brown Argus,1990,15,2.17,1976-2011
Aricia artaxerxes,Northern Brown Argus,1991,11,1.98,1976-2011
Aricia artaxerxes,Northern Brown Argus,1992,14,2.35,1976-2011
Aricia artaxerxes,Northern Brown Argus,1993,14,2.28,1976-2011
Aricia artaxerxes,Northern Brown Argus,1994,17,2.31,1976-2011
Aricia artaxerxes,Northern Brown Argus,1995,17,2.15,1976-2011
Aricia artaxerxes,Northern Brown Argus,1996,18,1.91,1976-2011
Aricia artaxerxes,Northern Brown Argus,1997,22,2.04,1976-2011
Aricia artaxerxes,Northern Brown Argus,1998,23,1.98,1976-2011
Aricia artaxerxes,Northern Brown Argus,1999,26,1.89,1976-2011
Aricia artaxerxes,Northern Brown Argus,2000,28,2.06,1976-2011
Aricia artaxerxes,Northern Brown Argus,2001,21,1.89,1976-2011
Aricia artaxerxes,Northern Brown Argus,2002,27,1.86,1976-2011
Aricia artaxerxes,Northern Brown Argus,2003,36,1.96,1976-2011
Aricia artaxerxes,Northern Brown Argus,2004,29,1.86,1976-2011
Aricia artaxerxes,Northern Brown Argus,2005,23,1.81,1976-2011
Aricia artaxerxes,Northern Brown Argus,2006,30,1.84,1976-2011
Aricia artaxerxes,Northern Brown Argus,2007,23,1.45,1976-2011
Aricia artaxerxes,Northern Brown Argus,2008,23,1.76,1976-2011
Aricia artaxerxes,Northern Brown Argus,2009,32,1.83,1976-2011
Aricia artaxerxes,Northern Brown Argus,2010,32,1.8,1976-2011
Aricia artaxerxes,Northern Brown Argus,2011,34,1.88,1976-2011
Polyommatus icarus,Common Blue,1976,37,2.36,1976-2011
Polyommatus icarus,Common Blue,1977,52,1.68,1976-2011
Polyommatus icarus,Common Blue,1978,54,1.67,1976-2011
Polyommatus icarus,Common Blue,1979,77,2.02,1976-2011
Polyommatus icarus,Common Blue,1980,81,1.98,1976-2011
Polyommatus icarus,Common Blue,1981,90,1.87,1976-2011
Polyommatus icarus,Common Blue,1982,91,2.07,1976-2011
Polyommatus icarus,Common Blue,1983,103,2.25,1976-2011
Polyommatus icarus,Common Blue,1984,111,2.28,1976-2011
Polyommatus icarus,Common Blue,1985,120,1.91,1976-2011
Polyommatus icarus,Common Blue,1986,129,1.81,1976-2011
Polyommatus icarus,Common Blue,1987,143,1.79,1976-2011
Polyommatus icarus,Common Blue,1988,162,1.91,1976-2011
Polyommatus icarus,Common Blue,1989,197,2.15,1976-2011
Polyommatus icarus,Common Blue,1990,222,2.22,1976-2011
Polyommatus icarus,Common Blue,1991,252,2.05,1976-2011
Polyommatus icarus,Common Blue,1992,273,2.07,1976-2011
Polyommatus icarus,Common Blue,1993,294,1.87,1976-2011
Polyommatus icarus,Common Blue,1994,331,2.03,1976-2011
Polyommatus icarus,Common Blue,1995,388,2.1,1976-2011
Polyommatus icarus,Common Blue,1996,411,2.2,1976-2011
Polyommatus icarus,Common Blue,1997,434,2.2,1976-2011
Polyommatus icarus,Common Blue,1998,422,1.86,1976-2011
Polyommatus icarus,Common Blue,1999,451,1.93,1976-2011
Polyommatus icarus,Common Blue,2000,476,1.94,1976-2011
Polyommatus icarus,Common Blue,2001,444,1.84,1976-2011
Polyommatus icarus,Common Blue,2002,510,1.94,1976-2011
Polyommatus icarus,Common Blue,2003,576,2.21,1976-2011
Polyommatus icarus,Common Blue,2004,539,2.06,1976-2011
Polyommatus icarus,Common Blue,2005,497,2.03,1976-2011
Polyommatus icarus,Common Blue,2006,543,2.12,1976-2011
Polyommatus icarus,Common Blue,2007,494,1.57,1976-2011
Polyommatus icarus,Common Blue,2008,486,1.76,1976-2011
Polyommatus icarus,Common Blue,2009,564,1.96,1976-2011
Polyommatus icarus,Common Blue,2010,584,2.34,1976-2011
Polyommatus icarus,Common Blue,2011,578,1.95,1976-2011
Polyommatus (Lysandra) coridon,Chalk-hill Blue,1976,9,2.18,1976-2011
Polyommatus (Lysandra) coridon,Chalk-hill Blue,1977,9,1.78,1976-2011
Polyommatus (Lysandra) coridon,Chalk-hill Blue,1978,11,1.96,1976-2011
Polyommatus (Lysandra) coridon,Chalk-hill Blue,1979,14,2.13,1976-2011
Polyommatus (Lysandra) coridon,Chalk-hill Blue,1980,19,1.99,1976-2011
Polyommatus (Lysandra) coridon,Chalk-hill Blue,1981,21,1.6,1976-2011
Polyommatus (Lysandra) coridon,Chalk-hill Blue,1982,25,1.87,1976-2011
Polyommatus (Lysandra) coridon,Chalk-hill Blue,1983,29,1.84,1976-2011
Polyommatus (Lysandra) coridon,Chalk-hill Blue,1984,29,2.04,1976-2011
Polyommatus (Lysandra) coridon,Chalk-hill Blue,1985,35,1.93,1976-2011
Polyommatus (Lysandra) coridon,Chalk-hill Blue,1986,38,2.13,1976-2011
Polyommatus (Lysandra) coridon,Chalk-hill Blue,1987,44,2.04,1976-2011
Polyommatus (Lysandra) coridon,Chalk-hill Blue,1988,52,1.96,1976-2011
Polyommatus (Lysandra) coridon,Chalk-hill Blue,1989,64,2.04,1976-2011
Polyommatus (Lysandra) coridon,Chalk-hill Blue,1990,80,2.04,1976-2011
Polyommatus (Lysandra) coridon,Chalk-hill Blue,1991,79,2.06,1976-2011
Polyommatus (Lysandra) coridon,Chalk-hill Blue,1992,91,2.12,1976-2011
Polyommatus (Lysandra) coridon,Chalk-hill Blue,1993,93,1.95,1976-2011
Polyommatus (Lysandra) coridon,Chalk-hill Blue,1994,100,1.98,1976-2011
Polyommatus (Lysandra) coridon,Chalk-hill Blue,1995,118,2.06,1976-2011
Polyommatus (Lysandra) coridon,Chalk-hill Blue,1996,123,2.19,1976-2011
Polyommatus (Lysandra) coridon,Chalk-hill Blue,1997,123,2.2,1976-2011
Polyommatus (Lysandra) coridon,Chalk-hill Blue,1998,124,2.04,1976-2011
Polyommatus (Lysandra) coridon,Chalk-hill Blue,1999,127,2.17,1976-2011
Polyommatus (Lysandra) coridon,Chalk-hill Blue,2000,135,1.97,1976-2011
Polyommatus (Lysandra) coridon,Chalk-hill Blue,2001,114,1.86,1976-2011
Polyommatus (Lysandra) coridon,Chalk-hill Blue,2002,110,1.83,1976-2011
Polyommatus (Lysandra) coridon,Chalk-hill Blue,2003,132,2.01,1976-2011
Polyommatus (Lysandra) coridon,Chalk-hill Blue,2004,119,2,1976-2011
Polyommatus (Lysandra) coridon,Chalk-hill Blue,2005,111,2.15,1976-2011
Polyommatus (Lysandra) coridon,Chalk-hill Blue,2006,135,2.22,1976-2011
Polyommatus (Lysandra) coridon,Chalk-hill Blue,2007,130,1.74,1976-2011
Polyommatus (Lysandra) coridon,Chalk-hill Blue,2008,115,1.84,1976-2011
Polyommatus (Lysandra) coridon,Chalk-hill Blue,2009,148,1.89,1976-2011
Polyommatus (Lysandra) coridon,Chalk-hill Blue,2010,140,2.14,1976-2011
Polyommatus (Lysandra) coridon,Chalk-hill Blue,2011,153,2.06,1976-2011
Polyommatus (Lysandra) bellargus,Adonis Blue,1979,7,1.7,1976-2011
Polyommatus (Lysandra) bellargus,Adonis Blue,1980,9,1.84,1976-2011
Polyommatus (Lysandra) bellargus,Adonis Blue,1981,9,1.59,1976-2011
Polyommatus (Lysandra) bellargus,Adonis Blue,1982,11,2.2,1976-2011
Polyommatus (Lysandra) bellargus,Adonis Blue,1983,11,2.14,1976-2011
Polyommatus (Lysandra) bellargus,Adonis Blue,1984,12,2.32,1976-2011
Polyommatus (Lysandra) bellargus,Adonis Blue,1985,17,2,1976-2011
Polyommatus (Lysandra) bellargus,Adonis Blue,1986,19,2.15,1976-2011
Polyommatus (Lysandra) bellargus,Adonis Blue,1987,20,1.61,1976-2011
Polyommatus (Lysandra) bellargus,Adonis Blue,1988,23,1.45,1976-2011
Polyommatus (Lysandra) bellargus,Adonis Blue,1989,30,1.82,1976-2011
Polyommatus (Lysandra) bellargus,Adonis Blue,1990,32,2.16,1976-2011
Polyommatus (Lysandra) bellargus,Adonis Blue,1991,35,1.93,1976-2011
Polyommatus (Lysandra) bellargus,Adonis Blue,1992,39,1.85,1976-2011
Polyommatus (Lysandra) bellargus,Adonis Blue,1993,40,1.26,1976-2011
Polyommatus (Lysandra) bellargus,Adonis Blue,1994,42,1.69,1976-2011
Polyommatus (Lysandra) bellargus,Adonis Blue,1995,49,1.63,1976-2011
Polyommatus (Lysandra) bellargus,Adonis Blue,1996,55,2.33,1976-2011
Polyommatus (Lysandra) bellargus,Adonis Blue,1997,58,2.35,1976-2011
Polyommatus (Lysandra) bellargus,Adonis Blue,1998,58,1.98,1976-2011
Polyommatus (Lysandra) bellargus,Adonis Blue,1999,58,1.94,1976-2011
Polyommatus (Lysandra) bellargus,Adonis Blue,2000,61,2.03,1976-2011
Polyommatus (Lysandra) bellargus,Adonis Blue,2001,50,1.83,1976-2011
Polyommatus (Lysandra) bellargus,Adonis Blue,2002,53,1.91,1976-2011
Polyommatus (Lysandra) bellargus,Adonis Blue,2003,59,2.39,1976-2011
Polyommatus (Lysandra) bellargus,Adonis Blue,2004,51,2.27,1976-2011
Polyommatus (Lysandra) bellargus,Adonis Blue,2005,56,2.37,1976-2011
Polyommatus (Lysandra) bellargus,Adonis Blue,2006,69,2.54,1976-2011
Polyommatus (Lysandra) bellargus,Adonis Blue,2007,68,1.96,1976-2011
Polyommatus (Lysandra) bellargus,Adonis Blue,2008,67,2.06,1976-2011
Polyommatus (Lysandra) bellargus,Adonis Blue,2009,66,2.17,1976-2011
Polyommatus (Lysandra) bellargus,Adonis Blue,2010,73,2.41,1976-2011
Polyommatus (Lysandra) bellargus,Adonis Blue,2011,81,2.11,1976-2011
Celastrina argiolus,Holly Blue,1976,33,2.17,1976-2011
Celastrina argiolus,Holly Blue,1977,42,2.04,1976-2011
Celastrina argiolus,Holly Blue,1978,44,1.88,1976-2011
Celastrina argiolus,Holly Blue,1979,51,2.01,1976-2011
Celastrina argiolus,Holly Blue,1980,63,1.66,1976-2011
Celastrina argiolus,Holly Blue,1981,65,1.1,1976-2011
Celastrina argiolus,Holly Blue,1982,69,1.5,1976-2011
Celastrina argiolus,Holly Blue,1983,78,1.8,1976-2011
Celastrina argiolus,Holly Blue,1984,89,2.21,1976-2011
Celastrina argiolus,Holly Blue,1985,97,2.2,1976-2011
Celastrina argiolus,Holly Blue,1986,107,1.42,1976-2011
Celastrina argiolus,Holly Blue,1987,119,1.14,1976-2011
Celastrina argiolus,Holly Blue,1988,134,1.27,1976-2011
Celastrina argiolus,Holly Blue,1989,170,2.34,1976-2011
Celastrina argiolus,Holly Blue,1990,204,2.86,1976-2011
Celastrina argiolus,Holly Blue,1991,215,2.75,1976-2011
Celastrina argiolus,Holly Blue,1992,242,2.37,1976-2011
Celastrina argiolus,Holly Blue,1993,255,1.52,1976-2011
Celastrina argiolus,Holly Blue,1994,279,1.27,1976-2011
Celastrina argiolus,Holly Blue,1995,323,1.81,1976-2011
Celastrina argiolus,Holly Blue,1996,370,2.55,1976-2011
Celastrina argiolus,Holly Blue,1997,392,2.51,1976-2011
Celastrina argiolus,Holly Blue,1998,401,2.54,1976-2011
Celastrina argiolus,Holly Blue,1999,397,1.99,1976-2011
Celastrina argiolus,Holly Blue,2000,404,1.81,1976-2011
Celastrina argiolus,Holly Blue,2001,357,2.08,1976-2011
Celastrina argiolus,Holly Blue,2002,426,2.26,1976-2011
Celastrina argiolus,Holly Blue,2003,449,1.95,1976-2011
Celastrina argiolus,Holly Blue,2004,433,2.3,1976-2011
Celastrina argiolus,Holly Blue,2005,360,2.2,1976-2011
Celastrina argiolus,Holly Blue,2006,397,2.06,1976-2011
Celastrina argiolus,Holly Blue,2007,435,2.27,1976-2011
Celastrina argiolus,Holly Blue,2008,385,2.12,1976-2011
Celastrina argiolus,Holly Blue,2009,362,1.73,1976-2011
Celastrina argiolus,Holly Blue,2010,461,2.17,1976-2011
Celastrina argiolus,Holly Blue,2011,563,2.15,1976-2011
Hamearis lucina,Duke of Burgundy Fritillary,1979,9,2.18,1976-2011
Hamearis lucina,Duke of Burgundy Fritillary,1980,12,2.17,1976-2011
Hamearis lucina,Duke of Burgundy Fritillary,1982,17,1.82,1976-2011
Hamearis lucina,Duke of Burgundy Fritillary,1983,21,2.02,1976-2011
Hamearis lucina,Duke of Burgundy Fritillary,1984,23,2.08,1976-2011
Hamearis lucina,Duke of Burgundy Fritillary,1985,25,1.93,1976-2011
Hamearis lucina,Duke of Burgundy Fritillary,1986,26,1.79,1976-2011
Hamearis lucina,Duke of Burgundy Fritillary,1987,34,2.01,1976-2011
Hamearis lucina,Duke of Burgundy Fritillary,1988,36,1.98,1976-2011
Hamearis lucina,Duke of Burgundy Fritillary,1989,39,2.07,1976-2011
Hamearis lucina,Duke of Burgundy Fritillary,1990,43,2.33,1976-2011
Hamearis lucina,Duke of Burgundy Fritillary,1991,44,2.33,1976-2011
Hamearis lucina,Duke of Burgundy Fritillary,1992,52,2.28,1976-2011
Hamearis lucina,Duke of Burgundy Fritillary,1993,64,2.03,1976-2011
Hamearis lucina,Duke of Burgundy Fritillary,1994,76,1.93,1976-2011
Hamearis lucina,Duke of Burgundy Fritillary,1995,73,2.07,1976-2011
Hamearis lucina,Duke of Burgundy Fritillary,1996,71,1.98,1976-2011
Hamearis lucina,Duke of Burgundy Fritillary,1997,77,2.09,1976-2011
Hamearis lucina,Duke of Burgundy Fritillary,1998,73,2.09,1976-2011
Hamearis lucina,Duke of Burgundy Fritillary,1999,69,1.96,1976-2011
Hamearis lucina,Duke of Burgundy Fritillary,2000,74,2.05,1976-2011
Hamearis lucina,Duke of Burgundy Fritillary,2001,39,2.07,1976-2011
Hamearis lucina,Duke of Burgundy Fritillary,2002,56,1.95,1976-2011
Hamearis lucina,Duke of Burgundy Fritillary,2003,61,1.93,1976-2011
Hamearis lucina,Duke of Burgundy Fritillary,2004,40,1.9,1976-2011
Hamearis lucina,Duke of Burgundy Fritillary,2005,31,2.3,1976-2011
Hamearis lucina,Duke of Burgundy Fritillary,2006,47,1.87,1976-2011
Hamearis lucina,Duke of Burgundy Fritillary,2007,56,1.78,1976-2011
Hamearis lucina,Duke of Burgundy Fritillary,2008,83,1.77,1976-2011
Hamearis lucina,Duke of Burgundy Fritillary,2009,73,1.62,1976-2011
Hamearis lucina,Duke of Burgundy Fritillary,2010,84,1.69,1976-2011
Hamearis lucina,Duke of Burgundy Fritillary,2011,93,1.91,1976-2011
Limenitis camilla,White Admiral,1976,14,2.49,1976-2011
Limenitis camilla,White Admiral,1977,14,1.92,1976-2011
Limenitis camilla,White Admiral,1978,14,2.18,1976-2011
Limenitis camilla,White Admiral,1979,18,2.35,1976-2011
Limenitis camilla,White Admiral,1980,20,1.84,1976-2011
Limenitis camilla,White Admiral,1981,21,1.84,1976-2011
Limenitis camilla,White Admiral,1982,23,2.2,1976-2011
Limenitis camilla,White Admiral,1983,28,2.26,1976-2011
Limenitis camilla,White Admiral,1984,33,2.33,1976-2011
Limenitis camilla,White Admiral,1985,38,2.24,1976-2011
Limenitis camilla,White Admiral,1986,48,2.17,1976-2011
Limenitis camilla,White Admiral,1987,55,2.11,1976-2011
Limenitis camilla,White Admiral,1988,59,1.75,1976-2011
Limenitis camilla,White Admiral,1989,74,1.75,1976-2011
Limenitis camilla,White Admiral,1990,80,1.71,1976-2011
Limenitis camilla,White Admiral,1991,88,1.92,1976-2011
Limenitis camilla,White Admiral,1992,92,2.39,1976-2011
Limenitis camilla,White Admiral,1993,91,2.07,1976-2011
Limenitis camilla,White Admiral,1994,105,1.99,1976-2011
Limenitis camilla,White Admiral,1995,120,2,1976-2011
Limenitis camilla,White Admiral,1996,130,2.14,1976-2011
Limenitis camilla,White Admiral,1997,135,1.93,1976-2011
Limenitis camilla,White Admiral,1998,135,1.94,1976-2011
Limenitis camilla,White Admiral,1999,137,1.76,1976-2011
Limenitis camilla,White Admiral,2000,130,1.75,1976-2011
Limenitis camilla,White Admiral,2001,114,1.71,1976-2011
Limenitis camilla,White Admiral,2002,114,1.7,1976-2011
Limenitis camilla,White Admiral,2003,125,1.9,1976-2011
Limenitis camilla,White Admiral,2004,115,2.01,1976-2011
Limenitis camilla,White Admiral,2005,97,1.97,1976-2011
Limenitis camilla,White Admiral,2006,140,2.17,1976-2011
Limenitis camilla,White Admiral,2007,116,1.9,1976-2011
Limenitis camilla,White Admiral,2008,134,1.79,1976-2011
Limenitis camilla,White Admiral,2009,138,1.87,1976-2011
Limenitis camilla,White Admiral,2010,173,2.14,1976-2011
Limenitis camilla,White Admiral,2011,179,1.83,1976-2011
Apatura iris,Purple Emperor,1979,4,1.8,1976-2011
Apatura iris,Purple Emperor,1980,4,2.1,1976-2011
Apatura iris,Purple Emperor,1981,4,1.5,1976-2011
Apatura iris,Purple Emperor,1982,4,1.8,1976-2011
Apatura iris,Purple Emperor,1983,6,2.33,1976-2011
Apatura iris,Purple Emperor,1984,9,2.1,1976-2011
Apatura iris,Purple Emperor,1985,10,2.3,1976-2011
Apatura iris,Purple Emperor,1986,12,2.16,1976-2011
Apatura iris,Purple Emperor,1987,15,2.02,1976-2011
Apatura iris,Purple Emperor,1988,16,2.05,1976-2011
Apatura iris,Purple Emperor,1989,16,1.83,1976-2011
Apatura iris,Purple Emperor,1990,17,1.74,1976-2011
Apatura iris,Purple Emperor,1991,17,1.64,1976-2011
Apatura iris,Purple Emperor,1992,19,1.95,1976-2011
Apatura iris,Purple Emperor,1993,19,2.22,1976-2011
Apatura iris,Purple Emperor,1994,21,2.02,1976-2011
Apatura iris,Purple Emperor,1995,24,1.94,1976-2011
Apatura iris,Purple Emperor,1996,27,1.63,1976-2011
Apatura iris,Purple Emperor,1997,27,2.04,1976-2011
Apatura iris,Purple Emperor,1998,27,1.9,1976-2011
Apatura iris,Purple Emperor,1999,26,1.79,1976-2011
Apatura iris,Purple Emperor,2000,28,1.99,1976-2011
Apatura iris,Purple Emperor,2001,21,2.02,1976-2011
Apatura iris,Purple Emperor,2002,22,1.83,1976-2011
Apatura iris,Purple Emperor,2003,22,2.39,1976-2011
Apatura iris,Purple Emperor,2004,21,2.06,1976-2011
Apatura iris,Purple Emperor,2005,10,2.37,1976-2011
Apatura iris,Purple Emperor,2006,32,2.38,1976-2011
Apatura iris,Purple Emperor,2007,28,1.8,1976-2011
Apatura iris,Purple Emperor,2008,38,2.09,1976-2011
Apatura iris,Purple Emperor,2009,35,2.13,1976-2011
Apatura iris,Purple Emperor,2010,47,2.19,1976-2011
Apatura iris,Purple Emperor,2011,57,1.89,1976-2011
Aglais urticae,Small Tortoiseshell,1976,35,2.05,1976-2011
Aglais urticae,Small Tortoiseshell,1977,52,1.82,1976-2011
Aglais urticae,Small Tortoiseshell,1978,56,2.18,1976-2011
Aglais urticae,Small Tortoiseshell,1979,78,2.06,1976-2011
Aglais urticae,Small Tortoiseshell,1980,79,2.13,1976-2011
Aglais urticae,Small Tortoiseshell,1981,84,1.83,1976-2011
Aglais urticae,Small Tortoiseshell,1982,89,2.64,1976-2011
Aglais urticae,Small Tortoiseshell,1983,103,1.99,1976-2011
Aglais urticae,Small Tortoiseshell,1984,110,2.56,1976-2011
Aglais urticae,Small Tortoiseshell,1985,113,2.13,1976-2011
Aglais urticae,Small Tortoiseshell,1986,119,1.77,1976-2011
Aglais urticae,Small Tortoiseshell,1987,138,2.33,1976-2011
Aglais urticae,Small Tortoiseshell,1988,162,2,1976-2011
Aglais urticae,Small Tortoiseshell,1989,193,2.12,1976-2011
Aglais urticae,Small Tortoiseshell,1990,224,2.12,1976-2011
Aglais urticae,Small Tortoiseshell,1991,247,2.35,1976-2011
Aglais urticae,Small Tortoiseshell,1992,270,2.41,1976-2011
Aglais urticae,Small Tortoiseshell,1993,284,1.81,1976-2011
Aglais urticae,Small Tortoiseshell,1994,318,1.9,1976-2011
Aglais urticae,Small Tortoiseshell,1995,385,2.2,1976-2011
Aglais urticae,Small Tortoiseshell,1996,412,2.24,1976-2011
Aglais urticae,Small Tortoiseshell,1997,436,2.53,1976-2011
Aglais urticae,Small Tortoiseshell,1998,433,1.92,1976-2011
Aglais urticae,Small Tortoiseshell,1999,454,1.7,1976-2011
Aglais urticae,Small Tortoiseshell,2000,484,1.78,1976-2011
Aglais urticae,Small Tortoiseshell,2001,434,1.86,1976-2011
Aglais urticae,Small Tortoiseshell,2002,565,1.99,1976-2011
Aglais urticae,Small Tortoiseshell,2003,629,2.3,1976-2011
Aglais urticae,Small Tortoiseshell,2004,546,2.06,1976-2011
Aglais urticae,Small Tortoiseshell,2005,496,1.67,1976-2011
Aglais urticae,Small Tortoiseshell,2006,488,1.58,1976-2011
Aglais urticae,Small Tortoiseshell,2007,535,1.58,1976-2011
Aglais urticae,Small Tortoiseshell,2008,386,1.32,1976-2011
Aglais urticae,Small Tortoiseshell,2009,512,1.73,1976-2011
Aglais urticae,Small Tortoiseshell,2010,559,1.74,1976-2011
Aglais urticae,Small Tortoiseshell,2011,605,1.63,1976-2011
Aglais (Inachis) io,Peacock,1976,30,1.75,1976-2011
Aglais (Inachis) io,Peacock,1977,50,1.61,1976-2011
Aglais (Inachis) io,Peacock,1978,55,1.94,1976-2011
Aglais (Inachis) io,Peacock,1979,67,1.98,1976-2011
Aglais (Inachis) io,Peacock,1980,80,1.85,1976-2011
Aglais (Inachis) io,Peacock,1981,82,1.76,1976-2011
Aglais (Inachis) io,Peacock,1982,86,2.23,1976-2011
Aglais (Inachis) io,Peacock,1983,96,1.98,1976-2011
Aglais (Inachis) io,Peacock,1984,108,2.14,1976-2011
Aglais (Inachis) io,Peacock,1985,107,2.13,1976-2011
Aglais (Inachis) io,Peacock,1986,119,1.84,1976-2011
Aglais (Inachis) io,Peacock,1987,137,1.96,1976-2011
Aglais (Inachis) io,Peacock,1988,153,1.95,1976-2011
Aglais (Inachis) io,Peacock,1989,191,1.94,1976-2011
Aglais (Inachis) io,Peacock,1990,217,1.97,1976-2011
Aglais (Inachis) io,Peacock,1991,236,2.09,1976-2011
Aglais (Inachis) io,Peacock,1992,258,2.36,1976-2011
Aglais (Inachis) io,Peacock,1993,287,2.08,1976-2011
Aglais (Inachis) io,Peacock,1994,301,1.92,1976-2011
Aglais (Inachis) io,Peacock,1995,370,2.02,1976-2011
Aglais (Inachis) io,Peacock,1996,403,2.29,1976-2011
Aglais (Inachis) io,Peacock,1997,424,2.23,1976-2011
Aglais (Inachis) io,Peacock,1998,410,2.05,1976-2011
Aglais (Inachis) io,Peacock,1999,437,2.05,1976-2011
Aglais (Inachis) io,Peacock,2000,475,2.13,1976-2011
Aglais (Inachis) io,Peacock,2001,410,2.11,1976-2011
Aglais (Inachis) io,Peacock,2002,523,2.05,1976-2011
Aglais (Inachis) io,Peacock,2003,585,1.96,1976-2011
Aglais (Inachis) io,Peacock,2004,549,1.91,1976-2011
Aglais (Inachis) io,Peacock,2005,512,1.96,1976-2011
Aglais (Inachis) io,Peacock,2006,485,1.94,1976-2011
Aglais (Inachis) io,Peacock,2007,607,2.07,1976-2011
Aglais (Inachis) io,Peacock,2008,450,1.88,1976-2011
Aglais (Inachis) io,Peacock,2009,581,2.13,1976-2011
Aglais (Inachis) io,Peacock,2010,556,1.97,1976-2011
Aglais (Inachis) io,Peacock,2011,657,1.78,1976-2011
Polygonia c-album,Comma,1976,35,1.64,1976-2011
Polygonia c-album,Comma,1977,41,1.13,1976-2011
Polygonia c-album,Comma,1978,48,1.51,1976-2011
Polygonia c-album,Comma,1979,57,1.78,1976-2011
Polygonia c-album,Comma,1980,65,1.78,1976-2011
Polygonia c-album,Comma,1981,70,1.69,1976-2011
Polygonia c-album,Comma,1982,70,2.27,1976-2011
Polygonia c-album,Comma,1983,85,1.98,1976-2011
Polygonia c-album,Comma,1984,91,1.88,1976-2011
Polygonia c-album,Comma,1985,99,1.9,1976-2011
Polygonia c-album,Comma,1986,102,2.04,1976-2011
Polygonia c-album,Comma,1987,123,2.09,1976-2011
Polygonia c-album,Comma,1988,143,1.84,1976-2011
Polygonia c-album,Comma,1989,179,2.14,1976-2011
Polygonia c-album,Comma,1990,202,2.1,1976-2011
Polygonia c-album,Comma,1991,228,2.21,1976-2011
Polygonia c-album,Comma,1992,255,2.13,1976-2011
Polygonia c-album,Comma,1993,267,1.64,1976-2011
Polygonia c-album,Comma,1994,295,1.65,1976-2011
Polygonia c-album,Comma,1995,359,2.09,1976-2011
Polygonia c-album,Comma,1996,379,2.01,1976-2011
Polygonia c-album,Comma,1997,418,2.19,1976-2011
Polygonia c-album,Comma,1998,420,1.93,1976-2011
Polygonia c-album,Comma,1999,436,2.03,1976-2011
Polygonia c-album,Comma,2000,469,2.21,1976-2011
Polygonia c-album,Comma,2001,412,2.18,1976-2011
Polygonia c-album,Comma,2002,519,2.11,1976-2011
Polygonia c-album,Comma,2003,563,2.33,1976-2011
Polygonia c-album,Comma,2004,498,2.19,1976-2011
Polygonia c-album,Comma,2005,448,2.2,1976-2011
Polygonia c-album,Comma,2006,499,2.3,1976-2011
Polygonia c-album,Comma,2007,507,2.02,1976-2011
Polygonia c-album,Comma,2008,460,2.13,1976-2011
Polygonia c-album,Comma,2009,524,2.38,1976-2011
Polygonia c-album,Comma,2010,540,2.21,1976-2011
Polygonia c-album,Comma,2011,582,2.1,1976-2011
Boloria selene,Small Pearl-bordered Fritillary,1976,7,2.52,1976-2011
Boloria selene,Small Pearl-bordered Fritillary,1977,12,2.4,1976-2011
Boloria selene,Small Pearl-bordered Fritillary,1978,14,2.24,1976-2011
Boloria selene,Small Pearl-bordered Fritillary,1979,24,2.08,1976-2011
Boloria selene,Small Pearl-bordered Fritillary,1980,24,1.88,1976-2011
Boloria selene,Small Pearl-bordered Fritillary,1981,30,1.8,1976-2011
Boloria selene,Small Pearl-bordered Fritillary,1982,27,2.06,1976-2011
Boloria selene,Small Pearl-bordered Fritillary,1983,28,1.89,1976-2011
Boloria selene,Small Pearl-bordered Fritillary,1984,31,2.17,1976-2011
Boloria selene,Small Pearl-bordered Fritillary,1985,33,2.17,1976-2011
Boloria selene,Small Pearl-bordered Fritillary,1986,31,1.99,1976-2011
Boloria selene,Small Pearl-bordered Fritillary,1987,40,2.11,1976-2011
Boloria selene,Small Pearl-bordered Fritillary,1988,48,1.92,1976-2011
Boloria selene,Small Pearl-bordered Fritillary,1989,56,2.16,1976-2011
Boloria selene,Small Pearl-bordered Fritillary,1990,55,2.21,1976-2011
Boloria selene,Small Pearl-bordered Fritillary,1991,59,1.94,1976-2011
Boloria selene,Small Pearl-bordered Fritillary,1992,69,2.18,1976-2011
Boloria selene,Small Pearl-bordered Fritillary,1993,71,2.03,1976-2011
Boloria selene,Small Pearl-bordered Fritillary,1994,77,2.07,1976-2011
Boloria selene,Small Pearl-bordered Fritillary,1995,89,2.07,1976-2011
Boloria selene,Small Pearl-bordered Fritillary,1996,88,2.01,1976-2011
Boloria selene,Small Pearl-bordered Fritillary,1997,96,2.05,1976-2011
Boloria selene,Small Pearl-bordered Fritillary,1998,88,1.82,1976-2011
Boloria selene,Small Pearl-bordered Fritillary,1999,99,1.74,1976-2011
Boloria selene,Small Pearl-bordered Fritillary,2000,98,1.67,1976-2011
Boloria selene,Small Pearl-bordered Fritillary,2001,74,1.83,1976-2011
Boloria selene,Small Pearl-bordered Fritillary,2002,92,1.81,1976-2011
Boloria selene,Small Pearl-bordered Fritillary,2003,111,1.86,1976-2011
Boloria selene,Small Pearl-bordered Fritillary,2004,93,1.92,1976-2011
Boloria selene,Small Pearl-bordered Fritillary,2005,74,1.93,1976-2011
Boloria selene,Small Pearl-bordered Fritillary,2006,107,1.89,1976-2011
Boloria selene,Small Pearl-bordered Fritillary,2007,99,1.87,1976-2011
Boloria selene,Small Pearl-bordered Fritillary,2008,91,1.8,1976-2011
Boloria selene,Small Pearl-bordered Fritillary,2009,90,1.85,1976-2011
Boloria selene,Small Pearl-bordered Fritillary,2010,122,1.99,1976-2011
Boloria selene,Small Pearl-bordered Fritillary,2011,109,2.06,1976-2011
Boloria euphrosyne,Pearl-bordered Fritillary,1976,4,2.76,1976-2011
Boloria euphrosyne,Pearl-bordered Fritillary,1977,6,2.8,1976-2011
Boloria euphrosyne,Pearl-bordered Fritillary,1978,10,1.98,1976-2011
Boloria euphrosyne,Pearl-bordered Fritillary,1979,15,2.21,1976-2011
Boloria euphrosyne,Pearl-bordered Fritillary,1980,14,2.07,1976-2011
Boloria euphrosyne,Pearl-bordered Fritillary,1981,17,1.89,1976-2011
Boloria euphrosyne,Pearl-bordered Fritillary,1982,21,2.07,1976-2011
Boloria euphrosyne,Pearl-bordered Fritillary,1983,23,1.72,1976-2011
Boloria euphrosyne,Pearl-bordered Fritillary,1984,26,1.98,1976-2011
Boloria euphrosyne,Pearl-bordered Fritillary,1985,26,2.09,1976-2011
Boloria euphrosyne,Pearl-bordered Fritillary,1986,32,2.04,1976-2011
Boloria euphrosyne,Pearl-bordered Fritillary,1987,39,2.31,1976-2011
Boloria euphrosyne,Pearl-bordered Fritillary,1988,46,1.84,1976-2011
Boloria euphrosyne,Pearl-bordered Fritillary,1989,55,2.07,1976-2011
Boloria euphrosyne,Pearl-bordered Fritillary,1990,59,2.25,1976-2011
Boloria euphrosyne,Pearl-bordered Fritillary,1991,64,2.18,1976-2011
Boloria euphrosyne,Pearl-bordered Fritillary,1992,74,2.07,1976-2011
Boloria euphrosyne,Pearl-bordered Fritillary,1993,67,2.09,1976-2011
Boloria euphrosyne,Pearl-bordered Fritillary,1994,76,1.92,1976-2011
Boloria euphrosyne,Pearl-bordered Fritillary,1995,79,2.03,1976-2011
Boloria euphrosyne,Pearl-bordered Fritillary,1996,89,2.03,1976-2011
Boloria euphrosyne,Pearl-bordered Fritillary,1997,98,2.26,1976-2011
Boloria euphrosyne,Pearl-bordered Fritillary,1998,98,2.01,1976-2011
Boloria euphrosyne,Pearl-bordered Fritillary,1999,91,1.67,1976-2011
Boloria euphrosyne,Pearl-bordered Fritillary,2000,86,1.72,1976-2011
Boloria euphrosyne,Pearl-bordered Fritillary,2001,69,1.79,1976-2011
Boloria euphrosyne,Pearl-bordered Fritillary,2002,108,1.86,1976-2011
Boloria euphrosyne,Pearl-bordered Fritillary,2003,102,1.92,1976-2011
Boloria euphrosyne,Pearl-bordered Fritillary,2004,85,1.88,1976-2011
Boloria euphrosyne,Pearl-bordered Fritillary,2005,60,1.89,1976-2011
Boloria euphrosyne,Pearl-bordered Fritillary,2006,77,1.69,1976-2011
Boloria euphrosyne,Pearl-bordered Fritillary,2007,77,1.85,1976-2011
Boloria euphrosyne,Pearl-bordered Fritillary,2008,94,1.52,1976-2011
Boloria euphrosyne,Pearl-bordered Fritillary,2009,73,1.66,1976-2011
Boloria euphrosyne,Pearl-bordered Fritillary,2010,93,1.79,1976-2011
Boloria euphrosyne,Pearl-bordered Fritillary,2011,99,2.1,1976-2011
Argynnis adippe,High Brown Fritillary,1978,6,1.95,1976-2011
Argynnis adippe,High Brown Fritillary,1979,8,1.98,1976-2011
Argynnis adippe,High Brown Fritillary,1980,9,1.89,1976-2011
Argynnis adippe,High Brown Fritillary,1981,9,1.49,1976-2011
Argynnis adippe,High Brown Fritillary,1982,9,1.94,1976-2011
Argynnis adippe,High Brown Fritillary,1983,9,1.82,1976-2011
Argynnis adippe,High Brown Fritillary,1984,10,2.09,1976-2011
Argynnis adippe,High Brown Fritillary,1985,10,1.81,1976-2011
Argynnis adippe,High Brown Fritillary,1986,9,2.09,1976-2011
Argynnis adippe,High Brown Fritillary,1987,11,2.44,1976-2011
Argynnis adippe,High Brown Fritillary,1988,12,2.3,1976-2011
Argynnis adippe,High Brown Fritillary,1989,14,2.24,1976-2011
Argynnis adippe,High Brown Fritillary,1990,18,2.1,1976-2011
Argynnis adippe,High Brown Fritillary,1991,22,1.81,1976-2011
Argynnis adippe,High Brown Fritillary,1992,30,2.63,1976-2011
Argynnis adippe,High Brown Fritillary,1993,31,2.27,1976-2011
Argynnis adippe,High Brown Fritillary,1994,43,2.48,1976-2011
Argynnis adippe,High Brown Fritillary,1995,44,2.76,1976-2011
Argynnis adippe,High Brown Fritillary,1996,59,2.36,1976-2011
Argynnis adippe,High Brown Fritillary,1997,63,2.36,1976-2011
Argynnis adippe,High Brown Fritillary,1998,51,1.88,1976-2011
Argynnis adippe,High Brown Fritillary,1999,57,1.96,1976-2011
Argynnis adippe,High Brown Fritillary,2000,53,1.78,1976-2011
Argynnis adippe,High Brown Fritillary,2001,30,2.08,1976-2011
Argynnis adippe,High Brown Fritillary,2002,67,1.68,1976-2011
Argynnis adippe,High Brown Fritillary,2003,78,1.97,1976-2011
Argynnis adippe,High Brown Fritillary,2004,45,2.23,1976-2011
Argynnis adippe,High Brown Fritillary,2005,44,1.74,1976-2011
Argynnis adippe,High Brown Fritillary,2006,58,1.79,1976-2011
Argynnis adippe,High Brown Fritillary,2007,51,1.75,1976-2011
Argynnis adippe,High Brown Fritillary,2008,65,1.54,1976-2011
Argynnis adippe,High Brown Fritillary,2009,59,1.65,1976-2011
Argynnis adippe,High Brown Fritillary,2010,58,1.57,1976-2011
Argynnis adippe,High Brown Fritillary,2011,68,1.57,1976-2011
Argynnis aglaja,Dark Green Fritillary,1976,16,2.6,1976-2011
Argynnis aglaja,Dark Green Fritillary,1977,25,1.99,1976-2011
Argynnis aglaja,Dark Green Fritillary,1978,22,2.08,1976-2011
Argynnis aglaja,Dark Green Fritillary,1979,37,1.9,1976-2011
Argynnis aglaja,Dark Green Fritillary,1980,42,1.83,1976-2011
Argynnis aglaja,Dark Green Fritillary,1981,46,1.52,1976-2011
Argynnis aglaja,Dark Green Fritillary,1982,47,1.71,1976-2011
Argynnis aglaja,Dark Green Fritillary,1983,55,1.61,1976-2011
Argynnis aglaja,Dark Green Fritillary,1984,59,2,1976-2011
Argynnis aglaja,Dark Green Fritillary,1985,63,1.84,1976-2011
Argynnis aglaja,Dark Green Fritillary,1986,66,1.9,1976-2011
Argynnis aglaja,Dark Green Fritillary,1987,72,1.97,1976-2011
Argynnis aglaja,Dark Green Fritillary,1988,88,1.73,1976-2011
Argynnis aglaja,Dark Green Fritillary,1989,104,1.65,1976-2011
Argynnis aglaja,Dark Green Fritillary,1990,114,1.72,1976-2011
Argynnis aglaja,Dark Green Fritillary,1991,125,1.87,1976-2011
Argynnis aglaja,Dark Green Fritillary,1992,136,1.88,1976-2011
Argynnis aglaja,Dark Green Fritillary,1993,138,1.73,1976-2011
Argynnis aglaja,Dark Green Fritillary,1994,160,1.85,1976-2011
Argynnis aglaja,Dark Green Fritillary,1995,185,2.11,1976-2011
Argynnis aglaja,Dark Green Fritillary,1996,199,2.17,1976-2011
Argynnis aglaja,Dark Green Fritillary,1997,203,2.33,1976-2011
Argynnis aglaja,Dark Green Fritillary,1998,193,2.08,1976-2011
Argynnis aglaja,Dark Green Fritillary,1999,196,2.02,1976-2011
Argynnis aglaja,Dark Green Fritillary,2000,204,1.9,1976-2011
Argynnis aglaja,Dark Green Fritillary,2001,170,1.94,1976-2011
Argynnis aglaja,Dark Green Fritillary,2002,202,1.9,1976-2011
Argynnis aglaja,Dark Green Fritillary,2003,225,2.18,1976-2011
Argynnis aglaja,Dark Green Fritillary,2004,164,2.23,1976-2011
Argynnis aglaja,Dark Green Fritillary,2005,134,2.21,1976-2011
Argynnis aglaja,Dark Green Fritillary,2006,236,2.36,1976-2011
Argynnis aglaja,Dark Green Fritillary,2007,216,2.23,1976-2011
Argynnis aglaja,Dark Green Fritillary,2008,209,2.09,1976-2011
Argynnis aglaja,Dark Green Fritillary,2009,212,2.21,1976-2011
Argynnis aglaja,Dark Green Fritillary,2010,249,2.29,1976-2011
Argynnis aglaja,Dark Green Fritillary,2011,264,2.38,1976-2011
Argynnis paphia,Silver-washed Fritillary,1976,16,2.28,1976-2011
Argynnis paphia,Silver-washed Fritillary,1977,18,1.64,1976-2011
Argynnis paphia,Silver-washed Fritillary,1978,17,1.93,1976-2011
Argynnis paphia,Silver-washed Fritillary,1979,22,1.98,1976-2011
Argynnis paphia,Silver-washed Fritillary,1980,27,1.85,1976-2011
Argynnis paphia,Silver-washed Fritillary,1981,31,1.78,1976-2011
Argynnis paphia,Silver-washed Fritillary,1982,29,1.96,1976-2011
Argynnis paphia,Silver-washed Fritillary,1983,37,1.84,1976-2011
Argynnis paphia,Silver-washed Fritillary,1984,41,1.89,1976-2011
Argynnis paphia,Silver-washed Fritillary,1985,51,1.81,1976-2011
Argynnis paphia,Silver-washed Fritillary,1986,57,1.92,1976-2011
Argynnis paphia,Silver-washed Fritillary,1987,68,2.04,1976-2011
Argynnis paphia,Silver-washed Fritillary,1988,84,1.83,1976-2011
Argynnis paphia,Silver-washed Fritillary,1989,105,1.93,1976-2011
Argynnis paphia,Silver-washed Fritillary,1990,116,1.87,1976-2011
Argynnis paphia,Silver-washed Fritillary,1991,129,1.95,1976-2011
Argynnis paphia,Silver-washed Fritillary,1992,135,2.13,1976-2011
Argynnis paphia,Silver-washed Fritillary,1993,139,1.89,1976-2011
Argynnis paphia,Silver-washed Fritillary,1994,152,1.96,1976-2011
Argynnis paphia,Silver-washed Fritillary,1995,176,2.12,1976-2011
Argynnis paphia,Silver-washed Fritillary,1996,185,2.21,1976-2011
Argynnis paphia,Silver-washed Fritillary,1997,186,2.18,1976-2011
Argynnis paphia,Silver-washed Fritillary,1998,191,1.77,1976-2011
Argynnis paphia,Silver-washed Fritillary,1999,186,1.85,1976-2011
Argynnis paphia,Silver-washed Fritillary,2000,191,1.81,1976-2011
Argynnis paphia,Silver-washed Fritillary,2001,155,1.87,1976-2011
Argynnis paphia,Silver-washed Fritillary,2002,182,1.93,1976-2011
Argynnis paphia,Silver-washed Fritillary,2003,186,2.11,1976-2011
Argynnis paphia,Silver-washed Fritillary,2004,180,2.16,1976-2011
Argynnis paphia,Silver-washed Fritillary,2005,145,2.16,1976-2011
Argynnis paphia,Silver-washed Fritillary,2006,222,2.44,1976-2011
Argynnis paphia,Silver-washed Fritillary,2007,207,2.09,1976-2011
Argynnis paphia,Silver-washed Fritillary,2008,203,2.01,1976-2011
Argynnis paphia,Silver-washed Fritillary,2009,229,2.23,1976-2011
Argynnis paphia,Silver-washed Fritillary,2010,280,2.39,1976-2011
Argynnis paphia,Silver-washed Fritillary,2011,325,2.23,1976-2011
Euphydryas (Eurodryas) aurinia,Marsh Fritillary,1981,8,1.48,1976-2011
Euphydryas (Eurodryas) aurinia,Marsh Fritillary,1982,8,2.67,1976-2011
Euphydryas (Eurodryas) aurinia,Marsh Fritillary,1983,12,2.5,1976-2011
Euphydryas (Eurodryas) aurinia,Marsh Fritillary,1984,18,2.14,1976-2011
Euphydryas (Eurodryas) aurinia,Marsh Fritillary,1985,20,1.63,1976-2011
Euphydryas (Eurodryas) aurinia,Marsh Fritillary,1986,21,1.49,1976-2011
Euphydryas (Eurodryas) aurinia,Marsh Fritillary,1987,23,1.73,1976-2011
Euphydryas (Eurodryas) aurinia,Marsh Fritillary,1988,29,1.71,1976-2011
Euphydryas (Eurodryas) aurinia,Marsh Fritillary,1989,38,1.73,1976-2011
Euphydryas (Eurodryas) aurinia,Marsh Fritillary,1990,41,2.04,1976-2011
Euphydryas (Eurodryas) aurinia,Marsh Fritillary,1991,52,2.17,1976-2011
Euphydryas (Eurodryas) aurinia,Marsh Fritillary,1992,53,2.15,1976-2011
Euphydryas (Eurodryas) aurinia,Marsh Fritillary,1993,65,2.24,1976-2011
Euphydryas (Eurodryas) aurinia,Marsh Fritillary,1994,72,2.31,1976-2011
Euphydryas (Eurodryas) aurinia,Marsh Fritillary,1995,80,1.81,1976-2011
Euphydryas (Eurodryas) aurinia,Marsh Fritillary,1996,82,1.8,1976-2011
Euphydryas (Eurodryas) aurinia,Marsh Fritillary,1997,102,1.78,1976-2011
Euphydryas (Eurodryas) aurinia,Marsh Fritillary,1998,92,1.5,1976-2011
Euphydryas (Eurodryas) aurinia,Marsh Fritillary,1999,91,1.9,1976-2011
Euphydryas (Eurodryas) aurinia,Marsh Fritillary,2000,80,2.22,1976-2011
Euphydryas (Eurodryas) aurinia,Marsh Fritillary,2001,65,2.44,1976-2011
Euphydryas (Eurodryas) aurinia,Marsh Fritillary,2002,76,1.9,1976-2011
Euphydryas (Eurodryas) aurinia,Marsh Fritillary,2003,71,1.96,1976-2011
Euphydryas (Eurodryas) aurinia,Marsh Fritillary,2004,64,1.98,1976-2011
Euphydryas (Eurodryas) aurinia,Marsh Fritillary,2005,61,2.17,1976-2011
Euphydryas (Eurodryas) aurinia,Marsh Fritillary,2006,73,2.35,1976-2011
Euphydryas (Eurodryas) aurinia,Marsh Fritillary,2007,69,2.1,1976-2011
Euphydryas (Eurodryas) aurinia,Marsh Fritillary,2008,76,1.67,1976-2011
Euphydryas (Eurodryas) aurinia,Marsh Fritillary,2009,63,2.08,1976-2011
Euphydryas (Eurodryas) aurinia,Marsh Fritillary,2010,79,2.43,1976-2011
Euphydryas (Eurodryas) aurinia,Marsh Fritillary,2011,87,1.95,1976-2011
Melitaea (Mellicta) athalia,Heath Fritillary,1981,3,1.95,1976-2011
Melitaea (Mellicta) athalia,Heath Fritillary,1982,3,2.32,1976-2011
Melitaea (Mellicta) athalia,Heath Fritillary,1983,4,2.13,1976-2011
Melitaea (Mellicta) athalia,Heath Fritillary,1984,18,2.29,1976-2011
Melitaea (Mellicta) athalia,Heath Fritillary,1985,21,2.09,1976-2011
Melitaea (Mellicta) athalia,Heath Fritillary,1986,22,1.93,1976-2011
Melitaea (Mellicta) athalia,Heath Fritillary,1987,26,2.17,1976-2011
Melitaea (Mellicta) athalia,Heath Fritillary,1988,22,2.43,1976-2011
Melitaea (Mellicta) athalia,Heath Fritillary,1989,24,2.48,1976-2011
Melitaea (Mellicta) athalia,Heath Fritillary,1990,24,2.45,1976-2011
Melitaea (Mellicta) athalia,Heath Fritillary,1991,13,1.67,1976-2011
Melitaea (Mellicta) athalia,Heath Fritillary,1992,6,2.49,1976-2011
Melitaea (Mellicta) athalia,Heath Fritillary,1993,18,2.18,1976-2011
Melitaea (Mellicta) athalia,Heath Fritillary,1994,17,2.25,1976-2011
Melitaea (Mellicta) athalia,Heath Fritillary,1995,16,2.25,1976-2011
Melitaea (Mellicta) athalia,Heath Fritillary,1996,19,2.13,1976-2011
Melitaea (Mellicta) athalia,Heath Fritillary,1997,15,2.06,1976-2011
Melitaea (Mellicta) athalia,Heath Fritillary,1998,18,1.59,1976-2011
Melitaea (Mellicta) athalia,Heath Fritillary,1999,26,1.55,1976-2011
Melitaea (Mellicta) athalia,Heath Fritillary,2000,25,1.72,1976-2011
Melitaea (Mellicta) athalia,Heath Fritillary,2001,12,2,1976-2011
Melitaea (Mellicta) athalia,Heath Fritillary,2002,11,2.13,1976-2011
Melitaea (Mellicta) athalia,Heath Fritillary,2003,10,1.85,1976-2011
Melitaea (Mellicta) athalia,Heath Fritillary,2004,13,2.01,1976-2011
Melitaea (Mellicta) athalia,Heath Fritillary,2005,16,1.67,1976-2011
Melitaea (Mellicta) athalia,Heath Fritillary,2006,21,1.97,1976-2011
Melitaea (Mellicta) athalia,Heath Fritillary,2007,19,1.74,1976-2011
Melitaea (Mellicta) athalia,Heath Fritillary,2008,35,1.86,1976-2011
Melitaea (Mellicta) athalia,Heath Fritillary,2009,35,1.51,1976-2011
Melitaea (Mellicta) athalia,Heath Fritillary,2010,39,1.58,1976-2011
Melitaea (Mellicta) athalia,Heath Fritillary,2011,32,1.56,1976-2011
Pararge aegeria,Speckled Wood,1976,34,1.87,1976-2011
Pararge aegeria,Speckled Wood,1977,41,1.47,1976-2011
Pararge aegeria,Speckled Wood,1978,49,1.83,1976-2011
Pararge aegeria,Speckled Wood,1979,57,1.84,1976-2011
Pararge aegeria,Speckled Wood,1980,67,1.87,1976-2011
Pararge aegeria,Speckled Wood,1981,70,1.96,1976-2011
Pararge aegeria,Speckled Wood,1982,73,1.99,1976-2011
Pararge aegeria,Speckled Wood,1983,84,1.93,1976-2011
Pararge aegeria,Speckled Wood,1984,95,1.82,1976-2011
Pararge aegeria,Speckled Wood,1985,102,1.6,1976-2011
Pararge aegeria,Speckled Wood,1986,110,1.88,1976-2011
Pararge aegeria,Speckled Wood,1987,126,2.01,1976-2011
Pararge aegeria,Speckled Wood,1988,150,2.16,1976-2011
Pararge aegeria,Speckled Wood,1989,185,2.19,1976-2011
Pararge aegeria,Speckled Wood,1990,215,1.98,1976-2011
Pararge aegeria,Speckled Wood,1991,237,1.97,1976-2011
Pararge aegeria,Speckled Wood,1992,260,2.12,1976-2011
Pararge aegeria,Speckled Wood,1993,277,2.04,1976-2011
Pararge aegeria,Speckled Wood,1994,313,2.07,1976-2011
Pararge aegeria,Speckled Wood,1995,379,1.99,1976-2011
Pararge aegeria,Speckled Wood,1996,399,1.83,1976-2011
Pararge aegeria,Speckled Wood,1997,433,2,1976-2011
Pararge aegeria,Speckled Wood,1998,432,2.04,1976-2011
Pararge aegeria,Speckled Wood,1999,448,2.08,1976-2011
Pararge aegeria,Speckled Wood,2000,492,2.11,1976-2011
Pararge aegeria,Speckled Wood,2001,438,1.98,1976-2011
Pararge aegeria,Speckled Wood,2002,526,2.1,1976-2011
Pararge aegeria,Speckled Wood,2003,568,2.18,1976-2011
Pararge aegeria,Speckled Wood,2004,516,2.13,1976-2011
Pararge aegeria,Speckled Wood,2005,498,2.14,1976-2011
Pararge aegeria,Speckled Wood,2006,490,2.1,1976-2011
Pararge aegeria,Speckled Wood,2007,493,1.99,1976-2011
Pararge aegeria,Speckled Wood,2008,468,2.16,1976-2011
Pararge aegeria,Speckled Wood,2009,527,2.29,1976-2011
Pararge aegeria,Speckled Wood,2010,530,2.11,1976-2011
Pararge aegeria,Speckled Wood,2011,586,2.16,1976-2011
Lasiommata megera,Wall Brown,1976,35,2.63,1976-2011
Lasiommata megera,Wall Brown,1977,43,1.87,1976-2011
Lasiommata megera,Wall Brown,1978,50,2.03,1976-2011
Lasiommata megera,Wall Brown,1979,65,2.13,1976-2011
Lasiommata megera,Wall Brown,1980,65,2.16,1976-2011
Lasiommata megera,Wall Brown,1981,73,2.35,1976-2011
Lasiommata megera,Wall Brown,1982,78,2.6,1976-2011
Lasiommata megera,Wall Brown,1983,91,2.66,1976-2011
Lasiommata megera,Wall Brown,1984,92,2.49,1976-2011
Lasiommata megera,Wall Brown,1985,102,1.99,1976-2011
Lasiommata megera,Wall Brown,1986,104,1.92,1976-2011
Lasiommata megera,Wall Brown,1987,109,1.75,1976-2011
Lasiommata megera,Wall Brown,1988,132,1.96,1976-2011
Lasiommata megera,Wall Brown,1989,144,2.42,1976-2011
Lasiommata megera,Wall Brown,1990,174,2.46,1976-2011
Lasiommata megera,Wall Brown,1991,178,2.25,1976-2011
Lasiommata megera,Wall Brown,1992,203,2.16,1976-2011
Lasiommata megera,Wall Brown,1993,213,1.96,1976-2011
Lasiommata megera,Wall Brown,1994,222,1.99,1976-2011
Lasiommata megera,Wall Brown,1995,264,1.92,1976-2011
Lasiommata megera,Wall Brown,1996,267,1.78,1976-2011
Lasiommata megera,Wall Brown,1997,267,1.72,1976-2011
Lasiommata megera,Wall Brown,1998,266,1.96,1976-2011
Lasiommata megera,Wall Brown,1999,273,2.05,1976-2011
Lasiommata megera,Wall Brown,2000,292,1.93,1976-2011
Lasiommata megera,Wall Brown,2001,221,1.87,1976-2011
Lasiommata megera,Wall Brown,2002,261,1.83,1976-2011
Lasiommata megera,Wall Brown,2003,274,1.86,1976-2011
Lasiommata megera,Wall Brown,2004,217,1.89,1976-2011
Lasiommata megera,Wall Brown,2005,170,1.89,1976-2011
Lasiommata megera,Wall Brown,2006,261,1.74,1976-2011
Lasiommata megera,Wall Brown,2007,210,1.43,1976-2011
Lasiommata megera,Wall Brown,2008,233,1.54,1976-2011
Lasiommata megera,Wall Brown,2009,195,1.7,1976-2011
Lasiommata megera,Wall Brown,2010,279,1.6,1976-2011
Lasiommata megera,Wall Brown,2011,289,1.51,1976-2011
Erebia aethiops,Scotch Argus,1979,5,1.16,1976-2011
Erebia aethiops,Scotch Argus,1980,5,1.66,1976-2011
Erebia aethiops,Scotch Argus,1981,5,1.65,1976-2011
Erebia aethiops,Scotch Argus,1982,6,1.85,1976-2011
Erebia aethiops,Scotch Argus,1983,5,1.5,1976-2011
Erebia aethiops,Scotch Argus,1984,5,1.72,1976-2011
Erebia aethiops,Scotch Argus,1985,6,2.13,1976-2011
Erebia aethiops,Scotch Argus,1986,6,2.14,1976-2011
Erebia aethiops,Scotch Argus,1987,6,2.26,1976-2011
Erebia aethiops,Scotch Argus,1988,7,2.03,1976-2011
Erebia aethiops,Scotch Argus,1989,8,1.96,1976-2011
Erebia aethiops,Scotch Argus,1990,10,1.96,1976-2011
Erebia aethiops,Scotch Argus,1991,11,2.14,1976-2011
Erebia aethiops,Scotch Argus,1992,8,2.15,1976-2011
Erebia aethiops,Scotch Argus,1993,6,2.14,1976-2011
Erebia aethiops,Scotch Argus,1994,8,2.32,1976-2011
Erebia aethiops,Scotch Argus,1995,12,2.2,1976-2011
Erebia aethiops,Scotch Argus,1996,12,2.19,1976-2011
Erebia aethiops,Scotch Argus,1997,13,2.09,1976-2011
Erebia aethiops,Scotch Argus,1998,10,2.03,1976-2011
Erebia aethiops,Scotch Argus,1999,8,2.04,1976-2011
Erebia aethiops,Scotch Argus,2000,11,2.08,1976-2011
Erebia aethiops,Scotch Argus,2001,12,2.07,1976-2011
Erebia aethiops,Scotch Argus,2002,14,2.21,1976-2011
Erebia aethiops,Scotch Argus,2003,16,2.24,1976-2011
Erebia aethiops,Scotch Argus,2004,20,2.17,1976-2011
Erebia aethiops,Scotch Argus,2005,20,2.1,1976-2011
Erebia aethiops,Scotch Argus,2006,14,2,1976-2011
Erebia aethiops,Scotch Argus,2007,15,1.81,1976-2011
Erebia aethiops,Scotch Argus,2008,11,1.82,1976-2011
Erebia aethiops,Scotch Argus,2009,11,2.04,1976-2011
Erebia aethiops,Scotch Argus,2010,17,2.05,1976-2011
Erebia aethiops,Scotch Argus,2011,9,2.09,1976-2011
Melanargia galathea,Marbled White,1976,22,1.8,1976-2011
Melanargia galathea,Marbled White,1977,25,1.69,1976-2011
Melanargia galathea,Marbled White,1978,27,1.57,1976-2011
Melanargia galathea,Marbled White,1979,34,1.82,1976-2011
Melanargia galathea,Marbled White,1980,38,1.84,1976-2011
Melanargia galathea,Marbled White,1981,41,1.87,1976-2011
Melanargia galathea,Marbled White,1982,45,2.11,1976-2011
Melanargia galathea,Marbled White,1983,57,2.06,1976-2011
Melanargia galathea,Marbled White,1984,63,2.3,1976-2011
Melanargia galathea,Marbled White,1985,69,2.18,1976-2011
Melanargia galathea,Marbled White,1986,75,2.15,1976-2011
Melanargia galathea,Marbled White,1987,94,1.91,1976-2011
Melanargia galathea,Marbled White,1988,107,1.74,1976-2011
Melanargia galathea,Marbled White,1989,135,1.78,1976-2011
Melanargia galathea,Marbled White,1990,151,1.91,1976-2011
Melanargia galathea,Marbled White,1991,165,2.16,1976-2011
Melanargia galathea,Marbled White,1992,179,2.18,1976-2011
Melanargia galathea,Marbled White,1993,209,2.03,1976-2011
Melanargia galathea,Marbled White,1994,226,2.05,1976-2011
Melanargia galathea,Marbled White,1995,266,1.99,1976-2011
Melanargia galathea,Marbled White,1996,297,2.18,1976-2011
Melanargia galathea,Marbled White,1997,304,2.23,1976-2011
Melanargia galathea,Marbled White,1998,307,2.14,1976-2011
Melanargia galathea,Marbled White,1999,311,2.16,1976-2011
Melanargia galathea,Marbled White,2000,309,2.15,1976-2011
Melanargia galathea,Marbled White,2001,283,2,1976-2011
Melanargia galathea,Marbled White,2002,327,1.94,1976-2011
Melanargia galathea,Marbled White,2003,357,2.04,1976-2011
Melanargia galathea,Marbled White,2004,308,2.06,1976-2011
Melanargia galathea,Marbled White,2005,281,1.99,1976-2011
Melanargia galathea,Marbled White,2006,344,2.17,1976-2011
Melanargia galathea,Marbled White,2007,321,2.02,1976-2011
Melanargia galathea,Marbled White,2008,334,1.91,1976-2011
Melanargia galathea,Marbled White,2009,355,1.96,1976-2011
Melanargia galathea,Marbled White,2010,388,1.92,1976-2011
Melanargia galathea,Marbled White,2011,391,1.99,1976-2011
Hipparchia semele,Grayling,1976,13,2.28,1976-2011
Hipparchia semele,Grayling,1977,19,2.08,1976-2011
Hipparchia semele,Grayling,1978,21,2.29,1976-2011
Hipparchia semele,Grayling,1979,33,2.18,1976-2011
Hipparchia semele,Grayling,1980,35,2.06,1976-2011
Hipparchia semele,Grayling,1981,38,2.05,1976-2011
Hipparchia semele,Grayling,1982,38,2.41,1976-2011
Hipparchia semele,Grayling,1983,41,2.35,1976-2011
Hipparchia semele,Grayling,1984,39,2.36,1976-2011
Hipparchia semele,Grayling,1985,46,1.84,1976-2011
Hipparchia semele,Grayling,1986,44,1.78,1976-2011
Hipparchia semele,Grayling,1987,48,1.83,1976-2011
Hipparchia semele,Grayling,1988,49,1.9,1976-2011
Hipparchia semele,Grayling,1989,69,2.01,1976-2011
Hipparchia semele,Grayling,1990,72,2.06,1976-2011
Hipparchia semele,Grayling,1991,76,2.12,1976-2011
Hipparchia semele,Grayling,1992,82,2.11,1976-2011
Hipparchia semele,Grayling,1993,83,1.93,1976-2011
Hipparchia semele,Grayling,1994,89,1.97,1976-2011
Hipparchia semele,Grayling,1995,99,2.02,1976-2011
Hipparchia semele,Grayling,1996,101,1.98,1976-2011
Hipparchia semele,Grayling,1997,97,2.05,1976-2011
Hipparchia semele,Grayling,1998,97,1.94,1976-2011
Hipparchia semele,Grayling,1999,100,2.02,1976-2011
Hipparchia semele,Grayling,2000,111,1.99,1976-2011
Hipparchia semele,Grayling,2001,90,1.94,1976-2011
Hipparchia semele,Grayling,2002,102,1.78,1976-2011
Hipparchia semele,Grayling,2003,117,1.82,1976-2011
Hipparchia semele,Grayling,2004,79,1.75,1976-2011
Hipparchia semele,Grayling,2005,66,1.91,1976-2011
Hipparchia semele,Grayling,2006,121,1.99,1976-2011
Hipparchia semele,Grayling,2007,101,1.58,1976-2011
Hipparchia semele,Grayling,2008,98,1.74,1976-2011
Hipparchia semele,Grayling,2009,110,1.95,1976-2011
Hipparchia semele,Grayling,2010,122,2.07,1976-2011
Hipparchia semele,Grayling,2011,134,1.86,1976-2011
Pyronia tithonus,Gatekeeper / Hedge Brown,1976,35,2.18,1976-2011
Pyronia tithonus,Gatekeeper / Hedge Brown,1977,43,2.08,1976-2011
Pyronia tithonus,Gatekeeper / Hedge Brown,1978,51,1.95,1976-2011
Pyronia tithonus,Gatekeeper / Hedge Brown,1979,59,2.06,1976-2011
Pyronia tithonus,Gatekeeper / Hedge Brown,1980,66,1.9,1976-2011
Pyronia tithonus,Gatekeeper / Hedge Brown,1981,73,2,1976-2011
Pyronia tithonus,Gatekeeper / Hedge Brown,1982,76,2.21,1976-2011
Pyronia tithonus,Gatekeeper / Hedge Brown,1983,87,2.21,1976-2011
Pyronia tithonus,Gatekeeper / Hedge Brown,1984,96,2.34,1976-2011
Pyronia tithonus,Gatekeeper / Hedge Brown,1985,102,2.02,1976-2011
Pyronia tithonus,Gatekeeper / Hedge Brown,1986,104,1.87,1976-2011
Pyronia tithonus,Gatekeeper / Hedge Brown,1987,130,1.63,1976-2011
Pyronia tithonus,Gatekeeper / Hedge Brown,1988,149,1.66,1976-2011
Pyronia tithonus,Gatekeeper / Hedge Brown,1989,175,1.83,1976-2011
Pyronia tithonus,Gatekeeper / Hedge Brown,1990,203,2.06,1976-2011
Pyronia tithonus,Gatekeeper / Hedge Brown,1991,229,2.21,1976-2011
Pyronia tithonus,Gatekeeper / Hedge Brown,1992,249,2.26,1976-2011
Pyronia tithonus,Gatekeeper / Hedge Brown,1993,272,1.95,1976-2011
Pyronia tithonus,Gatekeeper / Hedge Brown,1994,304,2,1976-2011
Pyronia tithonus,Gatekeeper / Hedge Brown,1995,365,2.03,1976-2011
Pyronia tithonus,Gatekeeper / Hedge Brown,1996,397,2.18,1976-2011
Pyronia tithonus,Gatekeeper / Hedge Brown,1997,411,2.09,1976-2011
Pyronia tithonus,Gatekeeper / Hedge Brown,1998,413,1.92,1976-2011
Pyronia tithonus,Gatekeeper / Hedge Brown,1999,428,2,1976-2011
Pyronia tithonus,Gatekeeper / Hedge Brown,2000,461,2.04,1976-2011
Pyronia tithonus,Gatekeeper / Hedge Brown,2001,428,1.98,1976-2011
Pyronia tithonus,Gatekeeper / Hedge Brown,2002,477,1.94,1976-2011
Pyronia tithonus,Gatekeeper / Hedge Brown,2003,519,2.03,1976-2011
Pyronia tithonus,Gatekeeper / Hedge Brown,2004,498,2.1,1976-2011
Pyronia tithonus,Gatekeeper / Hedge Brown,2005,454,2.09,1976-2011
Pyronia tithonus,Gatekeeper / Hedge Brown,2006,485,1.99,1976-2011
Pyronia tithonus,Gatekeeper / Hedge Brown,2007,483,1.8,1976-2011
Pyronia tithonus,Gatekeeper / Hedge Brown,2008,462,1.86,1976-2011
Pyronia tithonus,Gatekeeper / Hedge Brown,2009,521,1.88,1976-2011
Pyronia tithonus,Gatekeeper / Hedge Brown,2010,521,1.86,1976-2011
Pyronia tithonus,Gatekeeper / Hedge Brown,2011,587,1.8,1976-2011
Maniola jurtina,Meadow Brown,1976,36,1.88,1976-2011
Maniola jurtina,Meadow Brown,1977,49,1.85,1976-2011
Maniola jurtina,Meadow Brown,1978,57,1.96,1976-2011
Maniola jurtina,Meadow Brown,1979,73,2,1976-2011
Maniola jurtina,Meadow Brown,1980,79,1.94,1976-2011
Maniola jurtina,Meadow Brown,1981,87,1.97,1976-2011
Maniola jurtina,Meadow Brown,1982,91,2.12,1976-2011
Maniola jurtina,Meadow Brown,1983,106,2.05,1976-2011
Maniola jurtina,Meadow Brown,1984,112,2.13,1976-2011
Maniola jurtina,Meadow Brown,1985,109,1.96,1976-2011
Maniola jurtina,Meadow Brown,1986,120,1.9,1976-2011
Maniola jurtina,Meadow Brown,1987,136,1.88,1976-2011
Maniola jurtina,Meadow Brown,1988,157,1.96,1976-2011
Maniola jurtina,Meadow Brown,1989,196,2,1976-2011
Maniola jurtina,Meadow Brown,1990,228,2.01,1976-2011
Maniola jurtina,Meadow Brown,1991,256,2.2,1976-2011
Maniola jurtina,Meadow Brown,1992,272,2.22,1976-2011
Maniola jurtina,Meadow Brown,1993,290,1.93,1976-2011
Maniola jurtina,Meadow Brown,1994,335,1.93,1976-2011
Maniola jurtina,Meadow Brown,1995,395,1.95,1976-2011
Maniola jurtina,Meadow Brown,1996,442,2.03,1976-2011
Maniola jurtina,Meadow Brown,1997,448,2.03,1976-2011
Maniola jurtina,Meadow Brown,1998,454,2.12,1976-2011
Maniola jurtina,Meadow Brown,1999,472,2.13,1976-2011
Maniola jurtina,Meadow Brown,2000,493,2.05,1976-2011
Maniola jurtina,Meadow Brown,2001,472,1.95,1976-2011
Maniola jurtina,Meadow Brown,2002,539,1.94,1976-2011
Maniola jurtina,Meadow Brown,2003,615,2.07,1976-2011
Maniola jurtina,Meadow Brown,2004,577,2.03,1976-2011
Maniola jurtina,Meadow Brown,2005,569,2.09,1976-2011
Maniola jurtina,Meadow Brown,2006,602,2.04,1976-2011
Maniola jurtina,Meadow Brown,2007,543,1.95,1976-2011
Maniola jurtina,Meadow Brown,2008,536,1.99,1976-2011
Maniola jurtina,Meadow Brown,2009,618,1.93,1976-2011
Maniola jurtina,Meadow Brown,2010,605,1.83,1976-2011
Maniola jurtina,Meadow Brown,2011,638,1.94,1976-2011
Coenonympha pamphilus,Small Heath,1976,35,2.37,1976-2011
Coenonympha pamphilus,Small Heath,1977,57,2,1976-2011
Coenonympha pamphilus,Small Heath,1978,53,2.09,1976-2011
Coenonympha pamphilus,Small Heath,1979,75,2.08,1976-2011
Coenonympha pamphilus,Small Heath,1980,74,2.04,1976-2011
Coenonympha pamphilus,Small Heath,1981,85,1.97,1976-2011
Coenonympha pamphilus,Small Heath,1982,89,2.2,1976-2011
Coenonympha pamphilus,Small Heath,1983,105,2.12,1976-2011
Coenonympha pamphilus,Small Heath,1984,111,2.18,1976-2011
Coenonympha pamphilus,Small Heath,1985,113,2,1976-2011
Coenonympha pamphilus,Small Heath,1986,123,2.17,1976-2011
Coenonympha pamphilus,Small Heath,1987,134,2.17,1976-2011
Coenonympha pamphilus,Small Heath,1988,155,2.06,1976-2011
Coenonympha pamphilus,Small Heath,1989,189,2.3,1976-2011
Coenonympha pamphilus,Small Heath,1990,213,2.26,1976-2011
Coenonympha pamphilus,Small Heath,1991,229,2.06,1976-2011
Coenonympha pamphilus,Small Heath,1992,257,2.01,1976-2011
Coenonympha pamphilus,Small Heath,1993,277,1.71,1976-2011
Coenonympha pamphilus,Small Heath,1994,300,1.82,1976-2011
Coenonympha pamphilus,Small Heath,1995,351,1.95,1976-2011
Coenonympha pamphilus,Small Heath,1996,384,2.12,1976-2011
Coenonympha pamphilus,Small Heath,1997,386,2.17,1976-2011
Coenonympha pamphilus,Small Heath,1998,386,1.93,1976-2011
Coenonympha pamphilus,Small Heath,1999,411,1.82,1976-2011
Coenonympha pamphilus,Small Heath,2000,422,1.68,1976-2011
Coenonympha pamphilus,Small Heath,2001,364,1.73,1976-2011
Coenonympha pamphilus,Small Heath,2002,414,1.67,1976-2011
Coenonympha pamphilus,Small Heath,2003,451,2.05,1976-2011
Coenonympha pamphilus,Small Heath,2004,385,2.08,1976-2011
Coenonympha pamphilus,Small Heath,2005,338,2.01,1976-2011
Coenonympha pamphilus,Small Heath,2006,422,1.96,1976-2011
Coenonympha pamphilus,Small Heath,2007,385,1.69,1976-2011
Coenonympha pamphilus,Small Heath,2008,404,1.65,1976-2011
Coenonympha pamphilus,Small Heath,2009,403,1.82,1976-2011
Coenonympha pamphilus,Small Heath,2010,428,2.02,1976-2011
Coenonympha pamphilus,Small Heath,2011,479,2.04,1976-2011
Coenonympha tullia,Large Heath,1990,8,1.84,1976-2011
Coenonympha tullia,Large Heath,1991,5,1.53,1976-2011
Coenonympha tullia,Large Heath,1992,6,1.91,1976-2011
Coenonympha tullia,Large Heath,1993,6,1.74,1976-2011
Coenonympha tullia,Large Heath,1994,7,1.88,1976-2011
Coenonympha tullia,Large Heath,1995,8,1.8,1976-2011
Coenonympha tullia,Large Heath,1996,8,1.97,1976-2011
Coenonympha tullia,Large Heath,1997,8,1.92,1976-2011
Coenonympha tullia,Large Heath,1998,6,1.57,1976-2011
Coenonympha tullia,Large Heath,1999,8,1.84,1976-2011
Coenonympha tullia,Large Heath,2000,5,2.06,1976-2011
Coenonympha tullia,Large Heath,2001,8,2.07,1976-2011
Coenonympha tullia,Large Heath,2002,8,1.82,1976-2011
Coenonympha tullia,Large Heath,2003,12,2.11,1976-2011
Coenonympha tullia,Large Heath,2004,14,2.23,1976-2011
Coenonympha tullia,Large Heath,2005,10,2.22,1976-2011
Coenonympha tullia,Large Heath,2006,12,2.32,1976-2011
Coenonympha tullia,Large Heath,2007,9,2.24,1976-2011
Coenonympha tullia,Large Heath,2008,10,1.9,1976-2011
Coenonympha tullia,Large Heath,2009,12,2.35,1976-2011
Coenonympha tullia,Large Heath,2010,12,2.32,1976-2011
Coenonympha tullia,Large Heath,2011,11,2.37,1976-2011
Aphantopus hyperantus,Ringlet,1976,29,1.44,1976-2011
Aphantopus hyperantus,Ringlet,1977,44,1.14,1976-2011
Aphantopus hyperantus,Ringlet,1978,40,1.3,1976-2011
Aphantopus hyperantus,Ringlet,1979,50,1.56,1976-2011
Aphantopus hyperantus,Ringlet,1980,63,1.75,1976-2011
Aphantopus hyperantus,Ringlet,1981,68,1.83,1976-2011
Aphantopus hyperantus,Ringlet,1982,71,2.05,1976-2011
Aphantopus hyperantus,Ringlet,1983,82,2.02,1976-2011
Aphantopus hyperantus,Ringlet,1984,90,2.07,1976-2011
Aphantopus hyperantus,Ringlet,1985,92,2.02,1976-2011
Aphantopus hyperantus,Ringlet,1986,106,2.1,1976-2011
Aphantopus hyperantus,Ringlet,1987,115,2.12,1976-2011
Aphantopus hyperantus,Ringlet,1988,135,2.01,1976-2011
Aphantopus hyperantus,Ringlet,1989,173,1.99,1976-2011
Aphantopus hyperantus,Ringlet,1990,191,1.93,1976-2011
Aphantopus hyperantus,Ringlet,1991,211,2.14,1976-2011
Aphantopus hyperantus,Ringlet,1992,228,2.15,1976-2011
Aphantopus hyperantus,Ringlet,1993,250,2.07,1976-2011
Aphantopus hyperantus,Ringlet,1994,280,2.11,1976-2011
Aphantopus hyperantus,Ringlet,1995,321,2.12,1976-2011
Aphantopus hyperantus,Ringlet,1996,362,1.92,1976-2011
Aphantopus hyperantus,Ringlet,1997,370,2.07,1976-2011
Aphantopus hyperantus,Ringlet,1998,369,2.04,1976-2011
Aphantopus hyperantus,Ringlet,1999,386,2.15,1976-2011
Aphantopus hyperantus,Ringlet,2000,401,2.19,1976-2011
Aphantopus hyperantus,Ringlet,2001,376,2.07,1976-2011
Aphantopus hyperantus,Ringlet,2002,425,2.12,1976-2011
Aphantopus hyperantus,Ringlet,2003,493,2.22,1976-2011
Aphantopus hyperantus,Ringlet,2004,456,2.09,1976-2011
Aphantopus hyperantus,Ringlet,2005,437,2.08,1976-2011
Aphantopus hyperantus,Ringlet,2006,498,2.12,1976-2011
Aphantopus hyperantus,Ringlet,2007,457,2.06,1976-2011
Aphantopus hyperantus,Ringlet,2008,484,2.19,1976-2011
Aphantopus hyperantus,Ringlet,2009,545,2.3,1976-2011
Aphantopus hyperantus,Ringlet,2010,561,2.26,1976-2011
Aphantopus hyperantus,Ringlet,2011,633,2.2,1976-2011
